,dim 1,dim 2,dim 3,dim 4,dim 5,dim 6,dim 7,dim 8
0,-0.035955742,-0.015775532,-0.6193461,0.03057544,0.09970325,1.2094958,-0.008974388,0.09964779
1,0.3657178,0.18590194,-1.4781849,-0.015630003,-0.03454056,0.17345208,0.020451099,-0.10503337
2,0.21100172,0.02798748,0.060306676,-0.02430534,-0.13920163,-1.7097847,0.017047737,-0.09788692
3,0.17134309,0.031591035,0.75947946,-0.059955698,-0.2534377,-3.053548,0.03460158,-0.24473868
4,0.22981715,0.08234471,-0.5743756,-0.015691552,-0.072558776,-0.6589137,0.015905607,-0.0831835
5,-0.3729804,-0.21380472,1.2499079,0.024418749,0.028218865,-0.3023581,-0.013993997,0.106779486
6,0.16652864,0.047362737,-0.722234,0.0069497824,0.0016670525,0.13702562,0.0037881918,0.010572344
7,0.26369044,0.07505111,-0.41062838,-0.021185167,-0.108041815,-1.15446,0.01773953,-0.09698483
8,0.031255126,-0.0072024316,-0.015890375,-0.0037048087,-0.037732527,-0.484242,0.0071019046,-0.028616667
9,0.18543041,0.08669473,-0.9884796,0.0035568327,0.013531968,0.44931373,0.007478293,-0.01577434
10,0.10741052,0.036386743,-0.4547451,-0.0010161251,-0.017768364,-0.101511545,0.007552903,-0.024677992
11,-0.07277043,-0.054509312,-0.14920996,0.023837887,0.057038143,0.5392472,-0.0076317005,0.083489895
12,0.1634781,0.054058596,-0.898599,0.012940407,0.029289797,0.50789523,0.0013622306,0.030946344
13,0.18048617,0.055448815,-0.6110016,-0.0020928234,-0.029051915,-0.21187846,0.008405212,-0.026128352
14,-0.33432037,-0.20962054,1.3531228,0.017093673,-0.006623827,-0.7405951,-0.010676045,0.081887454
15,0.07847205,0.014792696,-0.35963106,0.0036029369,-0.008781731,-0.068173364,0.004411448,-0.0020476878
16,0.37762132,0.10656979,-0.37376523,-0.037506744,-0.1771771,-1.9471059,0.02612698,-0.15737393
17,0.32729903,0.10972187,-0.46899253,-0.033484846,-0.1452342,-1.5002131,0.024923926,-0.1500259
18,0.38596818,0.14941475,-0.9734734,-0.025711589,-0.104626894,-0.86901736,0.02291695,-0.12708202
19,0.2561033,0.092364065,-0.90492976,-0.0038025677,-0.02986971,-0.113415346,0.010564666,-0.036840737
20,0.1548438,0.03640329,-0.46698993,-0.0009959266,-0.031846296,-0.31319222,0.007049661,-0.017857373
21,0.30006394,0.10486388,-0.25988072,-0.04149178,-0.16970773,-1.7985625,0.028729653,-0.18334861
22,0.070026994,0.038586363,-0.84650254,0.01793366,0.06352492,0.9322439,-0.00093003735,0.043417007
23,0.35592762,0.11066212,-0.6946227,-0.023047872,-0.11536206,-1.1554315,0.019722866,-0.105410725
24,0.32202426,0.10677961,-0.7972016,-0.015937839,-0.0824883,-0.7438218,0.016474903,-0.08080578
25,0.073987275,-0.0057367682,-0.22663625,0.0056040585,-0.015749872,-0.24516706,0.0023199618,0.013371974
26,0.1049957,0.0081086755,-0.29787946,0.0029985309,-0.023944039,-0.30671656,0.0040351897,0.002029866
27,0.094092935,0.0042490363,-0.036018282,-0.008236188,-0.06420084,-0.80677027,0.009261388,-0.04202336
28,-0.032140955,-0.06423426,0.038528517,0.018084027,0.016757302,-0.031877458,-0.005885303,0.070602
29,-0.3711179,-0.11986914,-0.008323118,0.047675878,0.18278462,2.0202746,-0.019624073,0.16064864
30,0.1167658,0.030439474,-0.6820165,0.012601003,0.024136007,0.37421486,0.0006439164,0.03241834
31,0.16534162,0.04126277,-0.44002402,-0.0044803247,-0.043892305,-0.44636872,0.008876249,-0.031968474
32,0.26549378,0.07806446,-0.4527741,-0.02037207,-0.10336198,-1.0848198,0.01750891,-0.094745934
33,-0.27856308,-0.12292135,0.64711577,0.015343808,0.036021642,0.13714753,-0.005409956,0.048277915
34,-0.22316632,-0.13435394,0.5329533,0.025075503,0.045988545,0.15877286,-0.011271067,0.098885566
35,0.12180248,0.013445571,0.14935958,-0.021581616,-0.113731876,-1.3916411,0.015842851,-0.09408122
36,0.5574306,0.24643457,-1.8513732,-0.024650231,-0.07856274,-0.24297725,0.026238525,-0.1373379
37,0.0050394833,-0.0016972423,-0.3790778,0.0123189315,0.032155998,0.41635036,8.346513e-05,0.028273165
38,0.19683325,0.066945866,-0.5273786,-0.011214931,-0.058190107,-0.5275991,0.013232436,-0.064165324
39,-0.5551354,-0.3071569,2.1775181,0.019500606,-0.0058113784,-0.9994909,-0.015160117,0.098926395
40,0.021306455,-0.0053629577,-0.27171063,0.0083252415,0.01009509,0.11634518,0.0015985109,0.016396344
41,0.37566176,0.14419845,-1.1259953,-0.01586119,-0.069907635,-0.46099207,0.018044248,-0.08784285
42,0.31134185,0.11768141,-1.0039021,-0.010099731,-0.049954563,-0.28697875,0.014444314,-0.06379795
43,-0.33112139,-0.20335954,1.694525,-0.0024612695,-0.073492855,-1.5300729,-0.0010597073,0.0031723082
44,0.1446428,0.021962702,-0.044329613,-0.015806247,-0.0932394,-1.121103,0.013354529,-0.071596384
45,-0.25047,-0.15784344,0.72003156,0.02590675,0.039367028,-0.008567698,-0.012740258,0.10765645
46,0.040214688,-0.021288618,0.18334329,-0.007828105,-0.06596624,-0.902012,0.008151777,-0.03787282
47,0.26765713,0.06937396,-0.36523575,-0.021122158,-0.11329527,-1.2483852,0.017339766,-0.09390253
48,0.083147556,-0.03320785,0.7328866,-0.030621555,-0.17015988,-2.2652185,0.017839987,-0.11635947
49,0.055812538,-0.022249684,0.27766484,-0.01229177,-0.08747837,-1.1821432,0.0100535005,-0.052769274
50,0.46235088,0.17697549,-1.3391206,-0.019988753,-0.085899025,-0.5763159,0.020997135,-0.10480386
51,-0.016790718,-0.030344352,0.050140783,0.0032319576,-0.01583803,-0.28451133,0.0029693507,0.0010011792
52,-0.018201008,-0.06855163,0.90849096,-0.02338902,-0.14051548,-1.9829085,0.013416778,-0.088284165
53,0.16018885,0.046387628,-0.61490417,0.0021155402,-0.014644068,-0.061219145,0.0060938597,-0.008892298
54,0.2982767,0.12313887,-0.79433316,-0.022590943,-0.087053925,-0.7032298,0.020828899,-0.1168119
55,0.27937773,0.10838552,-0.60276026,-0.02571699,-0.103871025,-0.9613234,0.021657027,-0.12585467
56,-0.14664821,-0.07931143,0.40074557,0.007807024,0.0024070293,-0.18081558,-0.00068268925,0.020051628
57,0.016578227,0.011838451,-0.63268614,0.019114345,0.06350675,0.85231686,-0.0024810955,0.0511418
58,0.13464147,0.07186642,-1.1440233,0.018047586,0.06983024,1.1099463,0.00026767328,0.039743274
59,0.24373546,0.088594854,-0.89647746,-0.0025032014,-0.024334703,-0.053030226,0.009858426,-0.031998277
60,-0.11345522,-0.058180764,-0.18691935,0.027729422,0.08046803,0.84231454,-0.009268146,0.09442747
61,0.30552635,0.15456209,-1.5911729,0.0037318692,0.02966822,0.8615326,0.010069676,-0.025151104
62,0.114632875,0.0204404,-0.38726652,0.0021822378,-0.020437889,-0.2145416,0.005035907,-0.0047323704
63,0.00051155686,0.006261334,0.18059352,-0.018660307,-0.07239723,-0.8185479,0.015304465,-0.09700963
64,0.23491338,0.09824453,-1.0504178,0.0012190044,-0.0009488836,0.2847768,0.008740917,-0.022520363
65,-0.13329628,-0.07496844,0.10429263,0.020524539,0.04765568,0.38034278,-0.0066106953,0.07007322
66,0.029542029,-0.027701527,0.17934024,-0.0048333257,-0.05681271,-0.811229,0.006469667,-0.025084704
67,0.0702855,-0.008094072,0.092661925,-0.009188615,-0.06987479,-0.91351074,0.009247813,-0.044206828
68,-0.097242996,-0.022168845,0.18983573,-0.0061044097,-0.019360151,-0.22157009,0.008715514,-0.05031815
69,0.29081652,0.13041885,-1.1114128,-0.009818345,-0.033168998,-0.005450895,0.01526168,-0.07071
70,0.4704816,0.20987087,-2.0923173,0.0035491958,0.02161248,0.8821748,0.011636544,-0.024524689
71,-0.6626382,-0.31412843,1.4957495,0.05748689,0.15825756,1.0606639,-0.03248376,0.2353478
72,0.27025285,0.11786283,-0.69541466,-0.024955504,-0.09122238,-0.7550877,0.021938872,-0.12795854
73,0.21109211,0.073542856,-0.56774414,-0.012132045,-0.060768522,-0.5403114,0.0139010325,-0.068371326
74,0.2306521,0.07459801,-0.5840722,-0.012000814,-0.06533633,-0.6076121,0.013695795,-0.06549621
75,0.3484709,0.13657136,-1.1312778,-0.012096439,-0.053958803,-0.27903152,0.016098443,-0.07390034
76,0.44060674,0.1738654,-1.2834879,-0.02118614,-0.08608629,-0.57478315,0.021612607,-0.11134753
77,0.14035246,0.023387164,-0.042018443,-0.01646052,-0.09324411,-1.1109025,0.013792422,-0.07534164
78,-0.18555005,-0.13292682,0.86940396,0.007354997,-0.028188016,-0.7714217,-0.0031645447,0.034192353
79,0.15518904,0.08133824,-1.2739995,0.020297736,0.0789932,1.2486181,-0.00046723336,0.047699302
80,0.17628062,0.0900816,-0.45043427,-0.024393987,-0.08215944,-0.6948729,0.021044647,-0.12801287
81,0.11731592,0.08818016,-1.1867582,0.013594121,0.0712599,1.2180731,0.0035073794,0.0132927
82,0.25956658,0.081930116,-0.75134075,-0.0071158633,-0.05077155,-0.42005268,0.01149847,-0.045164168
83,0.40202662,0.12716468,-0.81296897,-0.024608947,-0.122277655,-1.2017026,0.020938426,-0.11157408
84,-0.10642131,-0.08931194,0.49901342,0.006604977,-0.021516342,-0.553281,-0.0011098795,0.025062203
85,-0.012053341,-0.030986756,-0.2622462,0.018916674,0.038930386,0.37682256,-0.004566528,0.0634245
86,0.086236715,0.019658841,-0.15231584,-0.008785285,-0.052176245,-0.5815517,0.010495707,-0.051458
87,-0.83828104,-0.39389968,2.101815,0.06277233,0.16942699,0.97293776,-0.03777809,0.26299196
88,0.11414337,0.030694306,-0.2858253,-0.0071000606,-0.046068363,-0.47906852,0.0100428425,-0.045295298
89,0.360087,0.113804236,-0.7890223,-0.019728448,-0.102232836,-0.98407066,0.018284764,-0.09306201
90,-0.22905363,-0.15798664,1.4008507,-0.008022908,-0.08972467,-1.6025469,0.003142722,-0.022261769
91,0.081755936,-0.00993906,0.015335351,-0.0047309995,-0.058590733,-0.7940846,0.0069043525,-0.024360746
92,0.01374048,-0.021575019,0.032086268,0.00010763109,-0.029605892,-0.4373459,0.0046422556,-0.010412246
93,0.40643248,0.13573782,-0.3933888,-0.049012795,-0.20527631,-2.1782393,0.032978907,-0.21005276
94,-0.359085,-0.11396143,0.4776554,0.020997621,0.08727375,0.87219805,-0.0067371316,0.055404335
95,-0.120017305,-0.08533639,0.29459175,0.015245274,0.01676976,-0.05609048,-0.0048417114,0.055412233
96,-0.0133241415,-0.028729886,-0.1056758,0.0102375,0.009659901,0.0312404,-0.0003005974,0.028313965
97,0.0023115575,-0.015248984,-0.01618892,8.828938e-06,-0.021762483,-0.3025018,0.00517438,-0.014956087
98,-0.1453178,-0.06576155,0.5309929,-0.004294805,-0.031459376,-0.53200525,0.0058350824,-0.03262493
99,0.46693859,0.14989565,-0.5406457,-0.048342887,-0.21020778,-2.2233737,0.03284899,-0.20448194
100,0.14128414,0.051431194,-0.715615,0.005238898,0.006102696,0.23139852,0.005099397,-0.0013540685
101,0.097327024,0.009801671,-0.15999962,-0.004442133,-0.04725615,-0.57682914,0.007746987,-0.028909683
102,0.18621963,0.043295905,-0.34349978,-0.010362413,-0.06983981,-0.77110857,0.011569828,-0.05287251
103,0.051951945,-0.01352416,0.09397335,-0.006772116,-0.059779234,-0.80019337,0.007977102,-0.035168916
104,0.15737903,0.03651406,-0.4102012,-0.0038862452,-0.04296224,-0.4504563,0.008402366,-0.02887258
105,0.1898813,0.05510091,-0.4325022,-0.010905765,-0.06396189,-0.6474131,0.012472745,-0.059204042
106,0.2645134,0.08584006,-0.53927815,-0.019307304,-0.09333743,-0.9254043,0.017463326,-0.09382135
107,0.1796369,0.07655852,-0.60135937,-0.011336185,-0.046218246,-0.3221895,0.014025524,-0.07093239
108,-0.18472986,-0.09077713,0.6622782,8.276105e-05,-0.022807386,-0.5098822,0.0027195625,-0.0110627115
109,0.054422706,-0.0060016066,0.017372057,-0.00613489,-0.052521393,-0.67862743,0.008083951,-0.03532836
110,0.15351024,0.023318432,0.07725464,-0.022501443,-0.119050995,-1.4372232,0.016520325,-0.09712589
111,0.6254524,0.26426917,-1.7996323,-0.035459004,-0.12442832,-0.7768033,0.031694677,-0.1771712
112,-0.14953333,-0.07371506,-0.08890788,0.029772915,0.08686718,0.8783559,-0.010761298,0.10352045
113,0.15606973,0.0891632,-1.0751718,0.007184021,0.037272304,0.77526206,0.0062045753,-0.006718248
114,-0.80881524,-0.39611042,2.0522914,0.06578478,0.16983946,0.94283164,-0.03964399,0.27987862
115,-0.113839746,-0.016151741,-0.27913284,0.0148293525,0.065783575,0.8594589,-0.0007055737,0.026985198
116,0.075903445,-0.0048558563,-0.2164249,0.004708551,-0.018890806,-0.28100127,0.0027762614,0.009781331
117,0.4117736,0.15604934,-0.97899866,-0.02851139,-0.11742678,-1.0160136,0.024361484,-0.13704154
118,-0.54552925,-0.28046915,1.6446168,0.03468793,0.06639044,-0.00206648,-0.020929214,0.14915973
119,-0.11437507,-0.04564503,-0.152238,0.020810992,0.06523374,0.7156534,-0.0052473918,0.062158138
120,0.20621815,0.08934586,-0.9395337,-0.00022406876,-0.004329212,0.22620702,0.0092106275,-0.02870062
121,0.14876017,0.043361947,-0.4146241,-0.006408736,-0.044319816,-0.42782313,0.010086492,-0.04272753
122,-0.11538881,-0.12360552,1.1658546,-0.012063459,-0.11224251,-1.8127613,0.005865805,-0.0356856
123,-0.24435699,-0.111460686,0.50481683,0.01721073,0.041226782,0.22528952,-0.0059902035,0.055879056
124,-0.080328524,-0.0786446,0.291076,0.01215253,-0.0011907816,-0.27749258,-0.00339951,0.046256483
125,0.07270509,0.013514519,-0.37779206,0.0051044673,-0.0026020259,0.006133985,0.0036844872,0.0035299957
126,-0.2750561,-0.16860572,1.0223743,0.015703447,0.0016984269,-0.49770027,-0.008260626,0.06846148
127,-0.7908609,-0.38996595,2.5095937,0.040356368,0.07725535,-0.17341605,-0.027398694,0.18028206
128,-0.3172494,-0.14727944,1.0031714,0.008304134,0.0037038103,-0.3382164,-0.003072489,0.024918735
129,0.14922377,0.059055515,-0.7463077,0.003492698,0.003193207,0.2247622,0.0062870868,-0.010120451
130,-0.6686059,-0.2541472,0.66110724,0.073971316,0.2649937,2.647893,-0.036780145,0.27513278
131,-0.7078068,-0.34282267,1.8830873,0.050779387,0.12579377,0.56875926,-0.030487347,0.21410322
132,-0.2730964,-0.16187093,0.7534007,0.026204452,0.044150718,0.050089277,-0.012878742,0.10721573
133,0.36476585,0.17234887,-1.5702122,-0.005424872,-0.0076424107,0.4392769,0.014830016,-0.05973777
134,-0.3210673,-0.13526115,0.48562044,0.028993621,0.088691145,0.7581238,-0.012163583,0.10068178
135,0.1599688,0.042375416,-0.50627494,-0.0015951917,-0.03102189,-0.27959895,0.0076263845,-0.02186668
136,0.15312663,0.087348714,-0.807903,-0.0052660853,-0.008204602,0.21433966,0.012043338,-0.055222094
137,0.17313156,0.020233698,-0.095911756,-0.012880135,-0.09248252,-1.1439364,0.011567693,-0.055379927
138,-0.08742894,-0.08513765,0.69363326,-0.005003862,-0.065971114,-1.0922847,0.0044471137,-0.019418478
139,-0.012464851,-0.016361505,-0.12681763,0.006132379,0.00393223,0.018305369,0.0023557656,0.0073943436
140,-0.1966745,-0.114032775,0.25050113,0.030296192,0.0723203,0.55253893,-0.012851048,0.11499339
141,-0.051155165,-0.046480745,0.19602577,0.0031331852,-0.018146284,-0.35897595,0.0024409443,0.0021799803
142,0.01687017,0.0004158616,-0.60256785,0.022367515,0.06652835,0.8356713,-0.0046901144,0.06850672
143,0.259348,0.12007044,-1.0607934,-0.0076393336,-0.023731783,0.08796349,0.013956159,-0.06250438
144,0.32841042,0.14038311,-1.0156296,-0.019165203,-0.070623524,-0.44770494,0.019885413,-0.10599232
145,-0.44866115,-0.24255192,1.7199551,0.014008641,-0.008551747,-0.8213537,-0.009923968,0.06669915
146,0.07126415,-0.029907823,0.6549265,-0.027986184,-0.15459232,-2.049849,0.016903196,-0.109038085
147,0.30484864,0.10109937,-0.42531365,-0.031789705,-0.13893178,-1.4446015,0.023854038,-0.14312476
148,-0.19669884,-0.116197914,0.7339695,0.007245764,-0.012592688,-0.4937042,-0.0020284802,0.025486112
149,0.11410856,0.01699064,-0.4146713,0.0049804673,-0.012782216,-0.13676834,0.0035127774,0.007543564
150,0.29202327,0.11335486,-0.6016767,-0.027991105,-0.11210242,-1.0492485,0.022892766,-0.13495928
151,0.04746303,-0.010540232,0.1590086,-0.011179615,-0.072104916,-0.93290126,0.010289863,-0.054280907
152,-0.09487648,-0.07182829,0.30129445,0.008990273,-0.0031132922,-0.25690445,-0.0013515316,0.02906245
153,-0.2117592,-0.09427403,-0.057285845,0.03751371,0.11785562,1.2130516,-0.014978405,0.13323998
154,0.15570197,0.054278217,-0.6848778,0.0023564398,-0.0064621046,0.07920296,0.0064827837,-0.011742562
155,0.5199096,0.22090945,-1.7374855,-0.019222066,-0.06706522,-0.19010097,0.022574833,-0.11118394
156,-0.14294589,-0.096993685,0.55531585,0.0074555874,-0.013350703,-0.45868626,-0.0015774816,0.026273787
157,0.31110564,0.10937799,-1.113092,-0.0012355968,-0.02414203,-0.010522068,0.009756401,-0.025757909
158,-0.092546806,-0.06444241,0.24025978,0.008914866,0.0015084893,-0.16802417,-0.0009126663,0.02614373
159,0.28268448,0.0953782,-0.6879196,-0.01613101,-0.08006844,-0.734316,0.01631717,-0.082598954
160,0.0523113,0.026600577,-0.46713972,0.004339531,0.010627724,0.24578649,0.005017597,-0.0076049566
161,-0.04920508,-0.05419922,0.108081445,0.010674939,0.0026783198,-0.14249966,-0.0016078651,0.03511262
162,-0.16239345,-0.103022486,0.5488197,0.010521397,-0.0010296851,-0.3200658,-0.0031795986,0.037938327
163,0.030608654,0.015593521,-0.5190228,0.011750981,0.035555273,0.5169236,0.0010870323,0.022767425
164,0.089921266,0.015754022,-0.40647912,0.0053842366,-0.005037017,-0.027642049,0.0035016723,0.006180227
165,-0.2500025,-0.1285012,0.24994195,0.036990464,0.10148026,0.88582927,-0.0163115,0.13943952
166,-0.17858773,-0.11791599,0.7814134,0.0053884163,-0.02601156,-0.6807242,-0.0014346056,0.021468133
167,0.099749684,0.027313858,-0.5362758,0.006888382,0.006211631,0.15525113,0.0033536553,0.008851379
168,-0.057510212,-0.014347687,-0.24846606,0.011871919,0.039643846,0.50143176,0.00021604821,0.022682518
169,-0.24896756,-0.08948058,0.49660993,0.008535698,0.027895711,0.1690077,-0.0005502328,0.012419939
170,0.04466027,0.0040526837,-0.40025473,0.0104935095,0.018081777,0.23803693,0.00086998194,0.024453074
171,0.00047504902,-0.033706784,0.25579238,-0.005769007,-0.056058988,-0.80554515,0.0068696886,-0.030486047
172,0.23573771,0.07559636,-0.35644972,-0.023754321,-0.10856494,-1.1347466,0.019282749,-0.11125207
173,-0.35298735,-0.17665935,0.3876873,0.0514459,0.14801139,1.3158193,-0.02488954,0.20072567
174,-0.13367069,-0.115478456,0.5698705,0.014306031,-0.005359374,-0.4551933,-0.005997278,0.061844945
175,0.032690674,0.016280107,-0.68312836,0.01956983,0.06370287,0.8618473,-0.0026084408,0.053442985
176,0.040278465,-0.035616502,0.31248844,-0.0082700625,-0.07842587,-1.1209276,0.0075320043,-0.033865005
177,-0.5148399,-0.23153108,0.8123355,0.055198565,0.16836987,1.4447274,-0.028159004,0.21436208
178,-0.46959788,-0.22565508,0.93799764,0.045977697,0.12599273,0.9168935,-0.023911413,0.18229717
179,-0.15558565,-0.111801445,0.39928403,0.021495894,0.029944375,0.011222098,-0.008970767,0.08544445
180,0.030469716,-0.036964,0.14425752,0.00074408203,-0.043948572,-0.6982307,0.00327513,0.0006188154
181,-0.2813938,-0.10607155,0.5259162,0.014377505,0.04612808,0.34144038,-0.0039465763,0.037346542
182,-0.51964307,-0.26735008,1.2109581,0.050400876,0.125361,0.756903,-0.027902793,0.20919758
183,0.37955615,0.14936377,-1.3378711,-0.007559933,-0.037168596,-0.040679768,0.014359903,-0.056809723
184,-0.18632297,-0.12831104,0.92200214,0.0028397962,-0.040777348,-0.9028676,-0.0007449612,0.014533997
185,0.005973667,-0.040179208,0.35133898,-0.007878706,-0.07022179,-1.0131879,0.0074398443,-0.035385847
186,-0.4588076,-0.2158938,1.4733716,0.015265532,0.019194819,-0.34989667,-0.008872688,0.05951959
187,0.11851606,0.033272475,-0.31764042,-0.0066492036,-0.043793865,-0.44297445,0.009932291,-0.043936938
188,0.0029758513,0.033582658,-0.75100553,0.016102187,0.073142126,1.0827639,0.00034945458,0.028699309
189,-0.38035297,-0.17056751,0.5420051,0.04160279,0.12522987,1.0892935,-0.019576821,0.15580547
190,-0.029687896,-0.03624913,0.5049041,-0.016684458,-0.08841423,-1.186806,0.012221303,-0.07655454
191,0.036980957,0.008372173,-0.46651208,0.012073934,0.029354014,0.40220404,0.00044937432,0.027828783
192,-0.31693763,-0.115063936,0.67896104,0.010968432,0.037618622,0.22561532,-0.0024771392,0.022521675
193,-0.21949735,-0.13198283,0.96827805,0.0024791062,-0.03495366,-0.8209726,-0.0004401803,0.009869158
194,0.7872076,0.35249203,-2.2937763,-0.04963294,-0.15716885,-0.90118533,0.04184434,-0.2450195
195,-0.15890315,-0.104043275,0.51399356,0.012628406,0.0047682077,-0.25701767,-0.004275754,0.047103763
196,0.07145721,0.038414665,-1.0012773,0.025655039,0.09086542,1.2638652,-0.004622087,0.07396108
197,-0.06585102,0.013704479,-0.017931774,-0.011109054,-0.019665506,-0.084446795,0.012840714,-0.07982314
198,-0.35226393,-0.19202459,1.4425423,0.0055678114,-0.029591855,-0.9236847,-0.0039967373,0.02710855
199,-0.37388104,-0.20145181,1.3954142,0.012085862,-0.0067220554,-0.67036223,-0.0074124783,0.053358495
200,-0.22665711,-0.12072596,0.71672606,0.0103484765,0.0041359738,-0.28544298,-0.00345169,0.03519973
201,0.25234827,0.10849463,-0.44523168,-0.033236038,-0.12288396,-1.170047,0.025516288,-0.1592223
202,-0.25610077,-0.15908596,0.6546841,0.029729374,0.05391921,0.16795827,-0.014568951,0.12233913
203,0.36063293,0.15120633,-1.0822527,-0.020758,-0.07780851,-0.5120572,0.020932132,-0.111982316
204,-0.31121904,-0.16857201,0.86446524,0.023954004,0.0423315,0.028761972,-0.0118001215,0.0956499
205,0.16868609,0.041059688,-0.35077232,-0.008858234,-0.060862154,-0.6572118,0.010908876,-0.048575193
206,0.2139124,0.07518939,-0.6741151,-0.007581454,-0.04392314,-0.32945004,0.0118056275,-0.050788015
207,-0.40064263,-0.2242656,1.3294272,0.02516631,0.03126256,-0.29069337,-0.014665868,0.10995954
208,-0.25580215,-0.1446881,0.888093,0.012177035,0.001309894,-0.40712145,-0.005402684,0.047807664
209,-0.05219294,-0.05534309,0.16269557,0.008481428,-0.005220428,-0.2417025,-0.0006011054,0.026545405
210,0.23080567,0.07547772,-0.39694667,-0.021638539,-0.0995377,-1.0209869,0.018322442,-0.10361129
211,0.31158254,0.10854699,-0.63872105,-0.0243961,-0.10859267,-1.0453238,0.020703213,-0.11615911
212,-0.5914104,-0.31427723,1.7658912,0.043295816,0.08560386,0.11338054,-0.026495162,0.18990391
213,0.15664423,0.040624388,-0.44641852,-0.0037918687,-0.039291065,-0.3858695,0.008603029,-0.030251324
214,-0.17425129,-0.11376834,0.46329844,0.0193704,0.02634982,-0.026085699,-0.007880457,0.0752427
215,0.17438391,0.04238245,-0.1948392,-0.017202634,-0.09171087,-1.0322814,0.014889091,-0.081008166
216,-0.14095609,-0.1126079,0.50624967,0.016353384,0.006385714,-0.2923452,-0.006727591,0.067686915
217,0.35231873,0.14540581,-1.6065459,0.0077283606,0.02320575,0.70054203,0.00715388,0.0008368194
218,0.11802438,0.00857012,-0.25958443,0.0007503852,-0.035607714,-0.45787123,0.004993774,-0.0051151514
219,0.27651343,0.08638205,-0.56846756,-0.018233214,-0.09262965,-0.9243516,0.016859423,-0.08811998
220,0.23294702,0.099341184,-1.0054407,-0.0014410317,-0.009142533,0.19156352,0.010088231,-0.033667535
221,-0.45522666,-0.25580266,1.9456124,0.008418702,-0.036816448,-1.2225237,-0.007967308,0.04915017
222,-0.01698047,-0.0026825368,-0.415842,0.0148188695,0.04701771,0.6116629,-0.0009312555,0.03533575
223,-0.005094558,-0.0044331253,-0.48480946,0.018818066,0.056592852,0.7103258,-0.003055863,0.05340591
224,-0.17083597,-0.10095644,0.33121666,0.020545587,0.03927245,0.18847784,-0.007732913,0.07521093
225,0.23396966,0.06825531,-0.40997976,-0.018028922,-0.09290698,-0.976424,0.016157206,-0.08612043
226,-0.0461493,-0.060462654,0.8373395,-0.022885628,-0.124229416,-1.7228999,0.013937149,-0.09352237
227,0.14718232,0.008435622,0.800237,-0.052053094,-0.23519592,-2.9185796,0.029760476,-0.20793088
228,0.24841341,0.12398176,-1.4200276,0.008664511,0.041399553,0.91019535,0.0065531246,-0.0017049015
229,-0.025088876,-0.003740251,-0.16700898,0.0030305684,0.006047003,0.11361025,0.004690837,-0.011611074
230,-0.08505538,-0.08949451,0.42007482,0.010330431,-0.0145742,-0.4874235,-0.0031126067,0.042780608
231,0.48864374,0.20355874,-1.7489483,-0.011058886,-0.041367177,0.06891227,0.018019915,-0.076687306
232,-0.23585737,-0.1109567,0.8880907,-0.0020898879,-0.030663207,-0.65677303,0.0031169802,-0.01878202
233,-0.044926837,-0.0074113756,-0.21635203,0.0072436035,0.024413891,0.33733073,0.0026843436,0.003552556
234,0.5763532,0.24451765,-2.0172803,-0.015865523,-0.05392444,0.032791186,0.021758087,-0.09943837
235,0.05683291,0.02248209,-0.23032393,-0.005735278,-0.030239884,-0.2759257,0.0095170885,-0.0448128
236,0.19573253,0.044887647,0.09200205,-0.032714978,-0.15223587,-1.7771542,0.022178873,-0.13978979
237,0.230304,0.12965761,-1.0428334,-0.012159951,-0.024136513,0.1522096,0.016960748,-0.08819458
238,0.305679,0.1167379,0.018227234,-0.060274206,-0.23025899,-2.486805,0.038278673,-0.26093674
239,-0.49595773,-0.22855952,1.3672634,0.026241563,0.06035854,0.124646604,-0.014431108,0.10233286
240,-0.016978681,-0.050253063,0.74034196,-0.022681288,-0.12447446,-1.7028565,0.014126651,-0.09265536
241,-0.25721198,-0.13752908,1.2083135,-0.0066456124,-0.060857516,-1.1311553,0.003965877,-0.029051393
242,0.33650437,0.12927365,-0.9010116,-0.02032363,-0.085633755,-0.68950146,0.019708404,-0.10493845
243,-0.25745413,-0.1585995,0.8864639,0.018061392,0.012534864,-0.3336331,-0.008985098,0.07620731
244,-0.33832178,-0.16774234,0.5333071,0.040345646,0.11027555,0.88456917,-0.019254562,0.1557262
245,0.18875358,0.07964206,-0.7962113,-0.003076613,-0.016764775,0.043920524,0.010186069,-0.038486987
246,-0.39508826,-0.15097123,0.52883446,0.034288414,0.118033886,1.1052904,-0.014815431,0.117194
247,0.05417797,0.07242335,-0.4828334,-0.013955992,-0.021351557,0.06768281,0.016338725,-0.097397566
248,-0.27493933,-0.07224329,0.5018978,0.0014248863,0.023005053,0.21160273,0.0040951446,-0.026048332
249,-0.33372334,-0.1753057,1.1838804,0.01120466,-0.0021085963,-0.525967,-0.005899884,0.04515773
250,0.06546861,0.05922635,-0.4134047,-0.012046937,-0.027813394,-0.082229406,0.014550727,-0.08302775
251,-0.27221563,-0.11099616,0.649293,0.010200664,0.024569392,0.047665857,-0.0023434646,0.024246782
252,0.09016606,0.020816684,0.04320067,-0.019000463,-0.08938086,-1.033459,0.015373331,-0.091411054
253,0.06973952,0.004170224,-0.5252714,0.016331539,0.031775005,0.3845462,-0.0021574423,0.050862104
254,0.09455103,0.025717959,-0.6046961,0.0110048875,0.0214291,0.33788303,0.0013604276,0.024889082
255,-0.016765714,-0.021133691,-0.29540068,0.01652044,0.03913697,0.4292659,-0.002809219,0.04941818
256,-0.5672053,-0.25301743,1.1430088,0.048389547,0.14314343,1.0808172,-0.02562229,0.18881238
257,-0.25530872,-0.12115234,0.15006402,0.03894802,0.11569922,1.0980828,-0.016760688,0.14341956
258,-0.2423347,-0.11153227,0.4275971,0.021041214,0.05440837,0.38410226,-0.007834684,0.07121295
259,-0.38918045,-0.1860426,0.5604149,0.04723218,0.13649276,1.1619987,-0.023053784,0.18281013
260,0.59008896,0.21038884,-1.1890396,-0.042875484,-0.18144315,-1.6940191,0.032468297,-0.18972546
261,0.16234186,0.08726202,-0.95157385,0.0017747805,0.014416918,0.48221362,0.0085982345,-0.026272535
262,0.19152206,0.08320451,-1.134988,0.012191385,0.040268295,0.7541583,0.0031119287,0.020340443
263,-0.2565895,-0.15443426,0.35785568,0.04250624,0.10374874,0.79811794,-0.02036297,0.17050093
264,0.1435189,0.06856272,-1.0194612,0.013141826,0.04695452,0.8079133,0.0023139007,0.023094594
265,-0.26102674,-0.14786005,0.7918287,0.01832845,0.022694483,-0.15656257,-0.008453298,0.07245007
266,-0.031074807,-0.043714926,0.2722416,-0.0020376965,-0.040731467,-0.6385975,0.004847452,-0.016342282
267,-0.049810916,-0.035528094,-0.29660422,0.022968061,0.061405376,0.66171455,-0.006359745,0.07575318
268,-0.38741648,-0.20918316,0.775598,0.046170898,0.11461811,0.7856628,-0.02390704,0.18815696
269,-0.22148062,-0.12525368,0.27710402,0.03394629,0.08442286,0.6687948,-0.014975201,0.13026327
270,-0.2799346,-0.19512919,1.3525091,0.010435052,-0.035953477,-1.0767405,-0.007242225,0.05772242
271,-0.10186225,-0.06055318,0.08741489,0.0149836615,0.029160224,0.19538894,-0.0034728162,0.047055602
272,-0.016749024,-0.031752452,0.057487674,0.0034528822,-0.016117983,-0.2945293,0.00278252,0.0024365187
273,0.137214,0.07209306,-0.51059973,-0.01345763,-0.044595324,-0.2874634,0.015217077,-0.08349857
274,0.59402514,0.26578337,-1.7210444,-0.039597742,-0.12885162,-0.79723644,0.03407564,-0.1984739
275,-0.33328545,-0.17628384,0.40900412,0.049993046,0.13716346,1.1685953,-0.024383228,0.19768238
276,-0.06261633,-0.03793241,-0.3103512,0.024805091,0.07004662,0.7667383,-0.0072378106,0.082095325
277,0.10330126,-0.0117486715,0.06653306,-0.0067782253,-0.07379034,-1.0061554,0.0075472966,-0.028597921
278,-0.22887051,-0.13122964,0.3155399,0.034616895,0.08452959,0.6484544,-0.015562411,0.13423157
279,-0.09688285,-0.020851478,-1.1264267,0.058550656,0.21512923,2.6456702,-0.021919344,0.20268828
280,-0.6020882,-0.3099465,1.595813,0.050051443,0.116478086,0.5193233,-0.029341768,0.2131381
281,-0.27692392,-0.10594055,0.12034941,0.03436006,0.11708985,1.2042089,-0.013476137,0.11627227
282,0.26458105,0.06585619,-0.38541424,-0.018622477,-0.10600774,-1.1732714,0.0159811,-0.08313286
283,-0.41323933,-0.21594948,0.854455,0.04539285,0.11439666,0.7731639,-0.023659755,0.18413967
284,0.02589497,-0.019117162,-0.215544,0.011204824,0.00871934,0.031545766,-0.00061278045,0.033840567
285,-0.11430654,-0.1146518,0.8471542,-1.0766089e-05,-0.06224262,-1.1617832,0.00064826384,0.00813967
286,0.30764553,0.1190621,-1.1988648,-0.0009701848,-0.014820725,0.15130202,0.010226749,-0.02908343
287,0.31718984,0.13275956,-1.2326093,-0.005109638,-0.02225985,0.11636284,0.012885749,-0.04943371
288,0.0029782653,-0.0170068,-0.002903834,7.3336065e-05,-0.023058858,-0.3270809,0.0050350837,-0.013905197
289,-0.19844058,-0.07384968,-0.086680755,0.030316062,0.10333128,1.1198456,-0.010517076,0.098746
290,-0.074938014,-0.025794342,-0.63320476,0.03590344,0.12301086,1.4800351,-0.011678081,0.11899835
291,0.2758498,0.14045723,-1.1165668,-0.01355347,-0.034597673,0.036542438,0.017772526,-0.091498464
292,-0.23700534,-0.1523034,0.7187146,0.023504272,0.030859217,-0.097894624,-0.011419073,0.09793684
293,-0.22850162,-0.12078646,0.41748178,0.025220625,0.05837427,0.3776819,-0.010499347,0.093268245
294,-0.2987075,-0.15198496,0.67702675,0.026190944,0.059231296,0.30179867,-0.012033269,0.09956467
295,-0.20567405,-0.13633972,0.66924095,0.018935718,0.017079331,-0.21799804,-0.008652329,0.078097224
296,-0.12730964,-0.09025267,0.07115939,0.028446995,0.062924504,0.4903382,-0.011320163,0.10809916
297,-0.43002248,-0.20728207,0.6633575,0.051461436,0.14789376,1.2364826,-0.02586547,0.20207697
298,0.3671101,0.10819633,-0.35998482,-0.0387372,-0.17725313,-1.9315913,0.02691509,-0.16434397
299,-0.06156005,-0.0121097565,-0.09935285,0.0036039948,0.012674689,0.1861853,0.0043145344,-0.011203498
300,0.052388698,0.028075837,-0.43329042,0.0020483807,0.0034431592,0.16493039,0.0061903074,-0.017166555
301,-0.15112817,-0.074019685,0.08589613,0.021259315,0.056353062,0.50592494,-0.0067188405,0.0700376
302,0.17208546,0.06774794,-0.9144192,0.007927813,0.018969633,0.43855125,0.0044452325,0.0070427954
303,-0.06736851,-0.03696017,0.25778282,-0.0036861897,-0.030738086,-0.45456684,0.006399665,-0.030670583
304,0.48785725,0.22342429,-1.8539903,-0.014104366,-0.037100814,0.21428224,0.02062396,-0.09668574
305,-0.30250728,-0.17015237,0.7891303,0.028236642,0.05400738,0.15652792,-0.014016401,0.114311635
306,0.18623534,0.04592917,-0.28020144,-0.014593117,-0.08313714,-0.92110467,0.013731357,-0.07051021
307,0.38774428,0.16590418,-1.428165,-0.010063291,-0.036139913,0.042112328,0.016420495,-0.072075844
308,0.29596946,0.17200738,-1.8154372,0.007705964,0.060083523,1.3220932,0.00929125,-0.017908573
309,-0.30260536,-0.11417341,0.2573834,0.031307906,0.10749988,1.0704305,-0.012235105,0.10394597
310,0.2796887,0.08424773,-0.2844634,-0.031454146,-0.14296058,-1.5511532,0.022981985,-0.13864756
311,-0.34568283,-0.19044465,0.8321828,0.03506756,0.07622188,0.36934948,-0.01798458,0.14306748
312,-0.69761896,-0.32519764,1.7702487,0.04891754,0.12936398,0.6859379,-0.02868953,0.20120275
313,0.17059195,0.03329505,-0.39054734,-0.0036830455,-0.048609704,-0.54551685,0.007981829,-0.024908543
314,0.15690649,0.06421355,-0.8828455,0.008018486,0.02115471,0.46152222,0.004355941,0.006652713
315,0.05270815,-0.015978232,-0.19444706,0.00852713,-0.006585911,-0.16317432,0.00056099147,0.025901496
316,-0.40830684,-0.19774607,0.48849452,0.055894315,0.16464272,1.4670393,-0.02764551,0.21873093
317,0.3454446,0.14142936,-1.1938722,-0.010978211,-0.045338284,-0.14863163,0.015879992,-0.071890116
318,0.2556977,0.061538905,-0.35795927,-0.018079206,-0.104659796,-1.1694717,0.015565909,-0.08053976
319,0.19079188,0.062162407,-0.43325824,-0.013815153,-0.0694011,-0.6816207,0.014253613,-0.07330558
320,0.10579869,0.037056655,-0.08770324,-0.019458055,-0.083411105,-0.8980467,0.016367294,-0.097477406
321,0.107209295,0.03383091,-0.63206756,0.008833371,0.015943803,0.29811746,0.002729196,0.014931023
322,-0.24960053,-0.091564044,0.2685669,0.020706773,0.070482165,0.67949367,-0.0064447187,0.060880363
323,0.4352356,0.16464771,-1.1413243,-0.02433113,-0.10282164,-0.8174618,0.022628963,-0.12075442
324,0.18427545,0.06877574,-0.5960796,-0.008418832,-0.042953122,-0.32255137,0.012141276,-0.05572167
325,-0.08178103,-0.073475,0.14043629,0.017483734,0.022417173,0.03592118,-0.0056172535,0.06488302
326,-0.3473537,-0.16262653,0.6645297,0.03182845,0.08607148,0.6206837,-0.014819216,0.11900288
327,-0.13727154,-0.09601164,0.5017259,0.009632811,-0.006435469,-0.37450328,-0.002613876,0.03522405
328,0.16454074,0.12354067,-1.0843579,-0.006756358,0.010394022,0.60046244,0.014726173,-0.07391849
329,0.07547137,-0.005673021,-0.013558865,-0.004996352,-0.05444422,-0.71829534,0.007342741,-0.028001606
330,-0.09499395,-0.06907274,0.10178531,0.017729737,0.030583106,0.16723195,-0.0053416006,0.062206775
331,0.20000148,0.07617125,-0.49556607,-0.016664945,-0.071845055,-0.6538716,0.016321614,-0.08877191
332,0.07096627,0.029654339,-0.33977807,-0.003467396,-0.020837989,-0.13965751,0.00870759,-0.03677985
333,-0.23657647,-0.09198575,0.4947803,0.00951644,0.025843233,0.12183733,-0.0012901835,0.019029886
334,0.42974028,0.20386638,-1.2884699,-0.03327907,-0.10382784,-0.6422064,0.029205194,-0.17230512
335,0.04835391,0.024954468,-0.5864508,0.010982856,0.034566,0.53355545,0.0018084347,0.018535882
336,0.32456908,0.099023595,-0.19307445,-0.04267271,-0.18571176,-2.0417407,0.028697083,-0.18215606
337,-0.28647244,-0.1491037,0.49742585,0.033740975,0.08503698,0.61982507,-0.0155799575,0.12975281
338,-0.698198,-0.32200176,1.9224828,0.04005435,0.099932775,0.3421907,-0.02428909,0.1650936
339,0.08393264,0.026161402,0.087812684,-0.023356356,-0.09921247,-1.1232524,0.017816365,-0.11151326
340,0.35289285,0.15622921,-1.5654421,0.0011853874,0.0075859427,0.5599317,0.010881655,-0.029062986
341,0.40702286,0.15439409,-1.3072437,-0.01150405,-0.055813175,-0.2678785,0.016237773,-0.07037747
342,0.033827722,-0.004152164,-0.17081164,0.002670385,-0.013158426,-0.17231423,0.0042237267,-0.0044766963
343,-0.19544058,-0.046675786,0.243469,0.0026267543,0.022959605,0.26329756,0.004174702,-0.020254076
344,0.15122482,0.030265093,-0.2074235,-0.011258651,-0.072490714,-0.8347402,0.011606429,-0.056152135
345,0.022978723,-0.017428339,-0.14459135,0.0070233718,-0.004239373,-0.11625155,0.0015012883,0.016356587
346,-0.24356057,-0.10006842,0.44738466,0.015309989,0.04274363,0.29625773,-0.004436612,0.04398331
347,0.19674814,0.09187475,-1.2913132,0.0162673,0.05999607,1.0309215,0.0016232729,0.033595443
348,0.40808716,0.14265689,-0.7480543,-0.03433952,-0.14751902,-1.4425712,0.026393056,-0.1550581
349,0.39767602,0.15481274,-1.0082018,-0.026378322,-0.1064464,-0.8759114,0.023423856,-0.13018972
350,0.23116949,0.111369275,-0.9914758,-0.0071116462,-0.019996509,0.11670852,0.013495915,-0.06096372
351,0.011629969,-0.019485742,0.42927682,-0.020411849,-0.1015317,-1.3035114,0.014530685,-0.09199554
352,0.0027858317,0.0056106746,-0.60396266,0.02044902,0.06773393,0.8864775,-0.0033315085,0.05690348
353,0.016249657,-0.0058434606,-0.30379564,0.010176264,0.017929152,0.21396214,0.0007443167,0.023126125
354,-0.19531259,-0.13501528,1.1690917,-0.0065039024,-0.07692601,-1.3676696,0.0033985712,-0.020695329
355,0.09019321,-0.0035109222,-0.3818906,0.012171932,0.00482554,0.0026328731,-0.0008395873,0.040536642
356,0.11201641,0.039677627,-0.5058121,8.929521e-05,-0.012659118,-0.027698494,0.0071702786,-0.021005303
357,0.045285583,-0.031399444,0.17785625,-0.0034148023,-0.059187237,-0.87071663,0.0054178275,-0.01580435
358,-0.06510624,-0.044574738,-0.1197079,0.018152565,0.041727275,0.39228678,-0.004436616,0.058316737
359,-0.36460558,-0.20225284,1.313214,0.01637774,0.0054087043,-0.53388566,-0.00959393,0.07182494
360,-0.2819608,-0.16788754,0.6400681,0.034428522,0.07195774,0.36881965,-0.017040376,0.14060414
361,-0.3856473,-0.21040842,1.1188114,0.029656,0.053493917,0.032578524,-0.016152788,0.12415165
362,0.4297184,0.15936877,-1.0716724,-0.02551961,-0.10946345,-0.91848,0.022945514,-0.124087125
363,0.24382773,0.10486159,-1.0036288,-0.0039587617,-0.017310012,0.108474925,0.011489954,-0.04419872
364,0.49529794,0.2188527,-1.8595319,-0.012020163,-0.035252295,0.20924872,0.01929199,-0.08562729
365,-0.108952194,-0.0651591,0.35163337,0.0038958415,-0.012269124,-0.32566655,0.0016006716,0.004419267
366,0.17717475,0.09795526,-1.05031,0.0020393506,0.019036718,0.5759585,0.008936625,-0.02740261
367,-0.6357902,-0.30007583,1.651946,0.04357879,0.11062604,0.52234524,-0.025345106,0.1790188
368,0.2056284,0.044187717,-0.4036206,-0.007991925,-0.06639563,-0.7412763,0.010293204,-0.0411745
369,0.2458097,0.098532915,-1.0704644,0.001959093,-0.0013102666,0.27252984,0.008292485,-0.018184036
370,-0.09742491,-0.051742643,-0.4907558,0.039908946,0.12455882,1.3968585,-0.014847342,0.14188284
371,-0.12795453,-0.062126487,-0.005271241,0.020548165,0.055865213,0.5359106,-0.005934585,0.065788776
372,0.0528225,0.00966464,-0.30061275,0.0031244755,-0.006732598,-0.04547081,0.004609432,-0.0055211484
373,-0.23039226,-0.15909237,1.2112302,0.0018468648,-0.054502144,-1.1767662,-0.0015948564,0.01668483
374,0.058119476,0.07695839,-1.1742656,0.018363766,0.09767562,1.5379624,0.0012100525,0.028059661
375,-0.0080575645,-0.041363493,0.2790735,-0.0036349222,-0.051595535,-0.7795972,0.0055020824,-0.020270348
376,0.20261523,0.10956739,-1.4273144,0.015577599,0.06914264,1.2201033,0.0029133558,0.024648726
377,0.17259505,0.05684766,-0.4536081,-0.010375187,-0.05556127,-0.5221907,0.012502067,-0.060281843
378,0.045697898,-0.012955815,0.00768964,-0.0026575178,-0.04261558,-0.58283037,0.0061210133,-0.020154595
379,-0.0807471,-0.110144794,0.99204946,-0.009472556,-0.103037976,-1.6668556,0.0050528944,-0.025984198
380,-0.35480022,-0.15156198,0.5090996,0.035019442,0.10819812,0.9485643,-0.015616905,0.12602788
381,0.05537027,-0.030124873,0.8771766,-0.038711943,-0.18876307,-2.4544432,0.02215047,-0.15326305
382,0.32078382,0.12786783,-1.052154,-0.012059581,-0.052145474,-0.27416393,0.015866056,-0.07421312
383,-0.57783717,-0.26896924,0.9945255,0.06250699,0.1852518,1.529217,-0.03313935,0.2490288
384,0.1694102,0.06337901,-0.9022801,0.00917545,0.02096966,0.44483602,0.0036277846,0.013301283
385,0.04902199,0.0265529,-0.6207766,0.012010641,0.03928969,0.5980886,0.0014058165,0.022021025
386,-0.29634285,-0.13418686,0.27222058,0.038816676,0.11761242,1.0952175,-0.017024603,0.14228106
387,-0.26593006,-0.14063469,0.43992102,0.032817885,0.08197759,0.6046791,-0.01486573,0.12566847
388,0.06842488,0.008354828,-0.13003097,-0.0049721673,-0.04163606,-0.49064228,0.008216385,-0.034520715
389,0.17530727,0.03530463,-0.044117212,-0.021738123,-0.113730095,-1.3347614,0.016624026,-0.09582707
390,-0.11421867,-0.04522054,-0.62404734,0.04400587,0.14931181,1.7434793,-0.01624066,0.15294683
391,0.31014535,0.110980004,-0.88457084,-0.013210729,-0.06590921,-0.51191324,0.015546586,-0.07348424
392,-0.74438834,-0.35592598,2.1681142,0.042553723,0.09708038,0.18809439,-0.026957352,0.18189162
393,-0.10999523,-0.097538814,0.51691735,0.009181894,-0.01736509,-0.53798074,-0.0027725026,0.037947565
394,0.07910174,0.016973734,-0.02741912,-0.013769146,-0.07008473,-0.80659324,0.012781784,-0.07093832
395,0.113321066,0.057526097,-1.0192173,0.018087,0.06548563,1.0080173,-0.0003584586,0.04260111
396,0.013144195,0.007924616,-0.5118448,0.014796995,0.04597135,0.62297857,-0.0006212592,0.035292566
397,0.014957666,-0.03799945,0.2053971,-0.0016647577,-0.048803575,-0.74923295,0.004521027,-0.010617733
398,0.0730159,0.010950789,-0.34935617,0.004757799,-0.0058876723,-0.046177737,0.0036975555,0.0032406151
399,-0.84127295,-0.38351864,1.9263678,0.0671847,0.19411904,1.325182,-0.03924186,0.27571255
400,0.3944939,0.10986881,-0.449592,-0.03532797,-0.17184646,-1.8808899,0.025107138,-0.1477513
401,0.1016151,0.04456439,-1.0614215,0.025709458,0.08671123,1.2164414,-0.004606575,0.07600477
402,0.11814222,0.034721524,-0.39081013,-0.0036222637,-0.03164914,-0.28770342,0.008582413,-0.032702565
403,0.17012489,0.07912516,-0.74073464,-0.005382426,-0.01992444,0.018650874,0.01144553,-0.049970448
404,0.4086506,0.16987705,-1.0129567,-0.032539643,-0.12058317,-0.9874105,0.027107302,-0.15881008
405,-0.38577762,-0.16432387,0.6826562,0.032105558,0.09726134,0.78169173,-0.014648374,0.11530191
406,0.38349572,0.15642911,-1.3615792,-0.0093708895,-0.03954073,-0.039995544,0.015587717,-0.06617546
407,0.054324567,0.012398601,-0.2625264,8.27387e-05,-0.01610183,-0.1483159,0.006196603,-0.018326342
408,0.19142321,0.03090518,0.086332016,-0.026568424,-0.13932386,-1.6811719,0.018495537,-0.11071184
409,0.12915936,0.011922762,0.0037106574,-0.01382301,-0.08904915,-1.1037471,0.011993147,-0.062007606
410,0.046872348,0.016710348,-0.52048934,0.01116062,0.029411264,0.4334542,0.0012624487,0.022319883
411,0.32785663,0.12639144,-0.9566598,-0.016262945,-0.07056161,-0.5117353,0.017703228,-0.08909574
412,0.2402738,0.08005902,-0.73432714,-0.0069451258,-0.04580998,-0.3519776,0.01151029,-0.046490937
413,0.002727747,-0.042091608,0.5516658,-0.016968116,-0.103540115,-1.4259446,0.01167997,-0.07071793
414,-0.0613641,-0.09703697,1.1275616,-0.021871977,-0.1437046,-2.1182997,0.01149819,-0.077082396
415,0.28045204,0.1058005,-0.99683297,-0.005133219,-0.031778686,-0.09456401,0.011720184,-0.0439685
416,-0.046351403,-0.0554851,0.21419677,0.0059177577,-0.01633475,-0.38291183,0.0005473532,0.017382324
417,-0.82096934,-0.42016667,2.6408997,0.0467749,0.08657907,-0.17511746,-0.031880584,0.21324372
418,0.12356371,0.018164478,-0.0051153004,-0.01591231,-0.09020306,-1.0840034,0.013404932,-0.07349163
419,-0.05829397,-0.03301485,0.13779326,0.0005069673,-0.015311822,-0.25557178,0.004541818,-0.01451841
420,0.25517228,0.14292759,-1.5799536,0.008628137,0.053588778,1.1415985,0.0075961277,-0.008464634
421,-0.11112304,-0.0042971075,-0.7221229,0.03181333,0.13530777,1.7608376,-0.008114375,0.089215815
422,-0.09817687,-0.08246888,0.6857168,-0.0055898726,-0.062859274,-1.032809,0.0049919225,-0.024312556
423,0.2795048,0.0970053,-0.66618264,-0.01784546,-0.08408189,-0.7730233,0.01725873,-0.09042373
424,0.07047969,-3.015995e-05,-0.21279438,0.002588734,-0.021277968,-0.28305525,0.0041188225,-0.0012314618
425,-0.6018119,-0.2816088,1.601597,0.03798052,0.09423001,0.37976226,-0.021972056,0.1545173
426,-0.19198081,-0.10236485,0.14523084,0.03060311,0.080858335,0.7071863,-0.012370657,0.11219704
427,-0.2612789,-0.1458056,0.4188825,0.035953045,0.08800261,0.6501657,-0.016702432,0.14069015
428,-0.28504506,-0.14030421,0.1588565,0.046837874,0.13858984,1.3131485,-0.021305952,0.17778271
429,0.09290397,0.04862629,-1.0904913,0.025567308,0.091872945,1.305712,-0.0042132065,0.07258338
430,0.036207885,0.016435713,-0.7282777,0.02169884,0.07046257,0.942096,-0.0036472678,0.062227994
431,0.21665299,0.110973984,-1.1808733,0.002612725,0.01917322,0.6050732,0.009005915,-0.02474609
432,0.42433575,0.20270237,-1.6368951,-0.015468273,-0.03874429,0.15111327,0.02073513,-0.10278064
433,-0.338236,-0.21825817,1.4911823,0.013893075,-0.023555689,-0.98419297,-0.009614892,0.07223761
434,0.29288897,0.1426006,-1.6798568,0.0132524595,0.058786944,1.1717234,0.004987646,0.0151616335
435,0.10862306,0.007511288,0.05737906,-0.014396813,-0.08832897,-1.0982277,0.012224559,-0.0654141
436,-0.12424056,-0.06430544,-0.33342415,0.037665226,0.11495137,1.2436287,-0.014228974,0.13429672
437,0.113790065,0.014171243,-0.24673896,-0.002162829,-0.04062976,-0.4894636,0.0067456067,-0.019379437
438,0.096802086,0.013993472,-0.33055907,0.0022710413,-0.019672059,-0.22023757,0.0048066378,-0.0043419898
439,-0.26914752,-0.15544379,0.90069574,0.016187258,0.011643559,-0.3199385,-0.0077904686,0.06593382
440,0.35804835,0.15162082,-1.3831084,-0.005994469,-0.023382176,0.15620093,0.013971262,-0.05463493
441,0.4918919,0.2165874,-1.5558609,-0.026080549,-0.08675009,-0.42685685,0.025874283,-0.14032984
442,0.27346936,0.11019799,-0.9828136,-0.007570613,-0.035171904,-0.10957791,0.013205051,-0.056276828
443,-0.13460542,-0.059987888,-0.13671689,0.026252098,0.08007811,0.84695107,-0.008450523,0.08634955
444,-0.0719661,-0.01629676,-0.50910604,0.025770843,0.09270227,1.1519783,-0.006347157,0.0758968
445,-0.36540595,-0.1677649,1.1655285,0.009365916,0.0064154193,-0.36008638,-0.004259914,0.030425131
446,0.10971534,0.03357938,-0.15659158,-0.014647581,-0.069831975,-0.7518618,0.013840571,-0.07666963
447,0.13003069,0.08410367,-0.5444768,-0.016684864,-0.045020428,-0.23058428,0.017519653,-0.10197741
448,0.38063958,0.18066764,-1.4999686,-0.012557074,-0.031855118,0.16923703,0.018533189,-0.08876923
449,0.13844475,0.09367761,-1.0437241,0.0039646327,0.034320027,0.7751419,0.008178581,-0.02365321
450,0.060459435,0.015705258,-0.5059211,0.0106907785,0.02289594,0.33781332,0.0012857653,0.022812843
451,-0.04617414,0.025720268,-0.36065286,0.000633426,0.025978737,0.5119924,0.0077537894,-0.035793632
452,0.10011476,0.053644925,-0.6085387,-0.00048295408,-0.0006019771,0.1945988,0.008374311,-0.03052923
453,-0.68958175,-0.361812,2.3758554,0.034039743,0.0454994,-0.5149651,-0.023825768,0.15866381
454,-0.16064191,-0.06702414,0.5410382,-0.004080318,-0.027064264,-0.47134876,0.005819954,-0.033459038
455,0.3249171,0.14061725,-0.9986392,-0.020061567,-0.07264182,-0.46829796,0.020361105,-0.11009717
456,0.20945701,0.085604146,-1.0954821,0.009017549,0.025261976,0.5671192,0.00457114,0.00948894
457,0.03249371,-0.00430046,-0.16916792,0.002666913,-0.0128848925,-0.16854396,0.004230704,-0.0046207905
458,-0.6604101,-0.3617407,2.2765348,0.038573988,0.0532251,-0.44493943,-0.02627932,0.18056202
459,-0.78684664,-0.378407,2.2971637,0.046025544,0.10528776,0.21917905,-0.029464286,0.19845557
460,0.32335356,0.17101437,-1.9299498,0.013457149,0.07193428,1.4389982,0.006216783,0.008932084
461,0.02192235,-0.018384948,0.2439393,-0.011813685,-0.07270655,-0.9553062,0.010403436,-0.05726227
462,-0.855427,-0.38402224,1.7952073,0.07406461,0.22282153,1.6850078,-0.04239096,0.30087328
463,0.250092,0.08917174,-0.5860932,-0.018197022,-0.0824982,-0.76544654,0.017279152,-0.09285283
464,-0.1151506,-0.0022540689,-0.43184692,0.016633004,0.08320983,1.1380246,-0.0007444136,0.028310627
465,0.45800015,0.22347791,-1.8215356,-0.01536968,-0.032716595,0.29319072,0.021539344,-0.10591546
466,-0.2135736,-0.054575562,-0.3662731,0.03633891,0.14419788,1.7211676,-0.012104575,0.11249584
467,-0.061110348,-0.046570465,0.12681496,0.006720789,-0.00227952,-0.1573888,0.00083566085,0.014864922
468,0.5281497,0.22050336,-1.3156899,-0.040049493,-0.14508292,-1.1509633,0.032357205,-0.19150378
469,0.08227584,0.015976481,-0.6242888,0.016175367,0.036402807,0.48551476,-0.001530882,0.04731053
470,0.35624865,0.13760072,-0.87459576,-0.025335338,-0.10333459,-0.8833016,0.022364592,-0.1251091
471,-0.38376048,-0.18731919,0.8603208,0.03283947,0.08190706,0.4853859,-0.016348485,0.1276648
472,-0.24707447,-0.12601104,0.62978274,0.017102264,0.03063418,0.030463003,-0.006752234,0.060887635
473,-0.39558667,-0.21516365,1.2293591,0.026277862,0.040657572,-0.13786098,-0.01471987,0.11139572
474,-0.77395344,-0.38223004,2.1383295,0.055326015,0.13214721,0.5182426,-0.034237098,0.23828185
475,0.015348792,-0.03387454,0.13445947,0.00012981147,-0.03931467,-0.6145351,0.0039033033,-0.005176455
476,0.32597443,0.1376744,-1.6720304,0.014508508,0.04971753,1.0101991,0.003761068,0.026763499
477,-0.031555027,-0.0361612,-0.24748857,0.020575054,0.046829104,0.46550906,-0.0054501966,0.069221705
478,-0.45554623,-0.23356295,1.3656894,0.027905904,0.05051835,-0.052816644,-0.015932452,0.11660856
479,-0.17795233,-0.04688841,-0.2091098,0.024922065,0.09813009,1.1648514,-0.006608907,0.069728345
480,-0.62336946,-0.30664527,1.887844,0.034471907,0.06904195,-0.02619659,-0.0215295,0.14770997
481,-0.10156375,-0.030850634,-0.11367042,0.012593292,0.042914473,0.5014991,-0.0006220564,0.025844932
482,0.617452,0.247632,-1.2920219,-0.0535914,-0.20014367,-1.7715833,0.03942728,-0.24274273
483,0.06498498,-0.014170483,0.3463975,-0.01916764,-0.10894528,-1.4141474,0.0136909485,-0.08165327
484,0.2606798,0.14207032,-1.7489378,0.017288677,0.08258608,1.4868047,0.0033758543,0.026615709
485,0.5997871,0.27574068,-2.3424547,-0.013023317,-0.027022235,0.48693776,0.021970412,-0.09745145
486,0.35886857,0.14232339,-0.82604295,-0.029736023,-0.11644234,-1.023434,0.024700591,-0.1438786
487,0.02950582,-0.014809325,-0.21366678,0.009276792,0.003935434,-0.009783031,0.00051451847,0.025072128
488,-0.22925793,-0.15152052,0.57009083,0.030446924,0.0542223,0.18432039,-0.014751915,0.12594473
489,0.27959433,0.115565136,-1.0528003,-0.006409645,-0.028744157,-0.011273062,0.012900334,-0.053000838
490,-0.035999194,-0.06146334,0.46306276,-0.0040520653,-0.059971604,-0.9520022,0.0048285834,-0.017840534
491,-0.07273218,-0.056822836,0.15108915,0.009922527,0.0049993545,-0.106587514,-0.0011569932,0.029865235
492,0.20383582,0.04299298,-0.13318132,-0.02087079,-0.11329618,-1.3176498,0.016359467,-0.0914436
493,-0.2078803,-0.12162176,0.62091094,0.0152381435,0.015517734,-0.1665548,-0.006021615,0.05739945
494,0.29121712,0.107875675,-0.54694426,-0.028414782,-0.11753925,-1.1404662,0.022785366,-0.13454318
495,-0.0048205853,-0.04151094,0.19679148,0.00046303868,-0.03786765,-0.6154955,0.0035135113,-0.0036846697
496,0.15264824,0.01721923,0.44892985,-0.038367905,-0.18073544,-2.2176576,0.02371204,-0.15701367
497,0.23768052,0.15354006,-1.6830096,0.009535216,0.07012093,1.4075675,0.007961746,-0.011642069
498,-0.15759367,-0.09735547,0.46824956,0.012098186,0.0075230524,-0.19331482,-0.0036506355,0.04253611
499,0.3081192,0.118275866,-0.9645617,-0.012256406,-0.05633448,-0.35934326,0.015536603,-0.07294953
500,-0.1900818,-0.12795284,0.668172,0.015311457,0.005676456,-0.3311685,-0.006608341,0.0627515
501,0.06863141,-0.005975321,-0.21325676,0.0051058456,-0.0161312,-0.2464197,0.0025986284,0.010752171
502,0.35179523,0.13497566,-1.2457472,-0.005802892,-0.03342045,-0.038651273,0.012982391,-0.048115045
503,0.31711635,0.09110841,-0.6050536,-0.018881742,-0.103519656,-1.0694103,0.017017521,-0.08677685
504,0.36583152,0.13844883,-0.93601143,-0.0227625,-0.09625839,-0.8010726,0.021091796,-0.113998204
505,0.1605247,0.0825911,-1.4693637,0.029389955,0.11119853,1.6429565,-0.0047686435,0.08360356
506,-0.02332592,-0.046777725,0.44074178,-0.009206489,-0.07126426,-1.0319932,0.007994186,-0.04212019
507,0.13290331,0.034837425,-0.40557623,-0.0031192824,-0.034151778,-0.33013988,0.008196309,-0.028677016
508,-0.05262889,-0.071836025,0.49956512,-0.0013449267,-0.053075414,-0.90221214,0.0031160936,-0.0054436326
509,0.38668016,0.18891162,-1.5808083,-0.012053415,-0.025599793,0.278926,0.018707987,-0.08923301
510,-0.4502589,-0.20877373,1.1204823,0.029683016,0.074121565,0.34635928,-0.0153973065,0.11441177
511,0.05868697,0.0032915473,0.274598,-0.022793371,-0.10694871,-1.30304,0.016488977,-0.103749216
512,-0.35004824,-0.1887204,0.60547084,0.04563529,0.11701174,0.8788151,-0.02285834,0.18318778
513,0.044926316,0.09540343,-1.4969771,0.026843674,0.14621294,2.2273872,-0.0016126037,0.052050114
514,0.11945218,0.035995774,-0.35836762,-0.0057752132,-0.038854554,-0.37078974,0.009665001,-0.041466624
515,0.36819193,0.17990063,-1.8287413,0.0042011663,0.03182903,0.95326644,0.010659438,-0.02453205
516,-0.040745363,-0.043817326,-0.16663848,0.019864976,0.041213393,0.3690211,-0.0054601096,0.06819302
517,0.34545484,0.108928084,-0.28159106,-0.042660445,-0.18440786,-1.9972379,0.029046545,-0.18309866
518,0.30138162,0.15080813,-1.3419737,-0.0070020854,-0.010717228,0.35470733,0.0149936825,-0.06632185
519,0.03126079,0.032146454,-1.0203748,0.029698156,0.1127318,1.5353322,-0.006485857,0.08660114
520,-0.004618615,-0.03226313,-0.16177903,0.014379375,0.019351043,0.12568457,-0.002562955,0.047204167
521,0.040837854,0.068107456,-1.3788581,0.03238999,0.14681418,2.1108694,-0.0057834834,0.0841319
522,-0.042467073,-0.060391724,0.4758922,-0.005054131,-0.06084974,-0.95227003,0.0054339506,-0.02311796
523,-0.1951377,-0.124800056,0.5547974,0.019679032,0.025352389,-0.07210548,-0.008447543,0.07789427
524,0.09293014,0.036209308,-0.73734444,0.013234414,0.037908606,0.589271,0.0009254664,0.02920264
525,-0.30578023,-0.13920459,0.10037974,0.049530968,0.15534373,1.5401917,-0.022305172,0.1849513
526,0.14603695,0.07338476,-1.2179209,0.020937994,0.07801978,1.2073593,-0.001136072,0.052089006
527,-0.02189529,-0.042101488,0.118287474,0.0048062205,-0.017524164,-0.35561666,0.0015946329,0.0111500025
528,0.13981429,0.07598032,-0.93795705,0.006065637,0.028108194,0.61565244,0.006142482,-0.008142054
529,0.14050141,0.04958126,-0.75888455,0.008161098,0.01549428,0.33803326,0.0036126487,0.01073119
530,0.14507055,0.03923124,-0.6265816,0.0058539137,-0.0020391867,0.07195835,0.00406193,0.006476015
531,0.088196516,0.028380819,-0.118937865,-0.014088798,-0.06532204,-0.7029404,0.013498779,-0.07546073
532,-0.09913392,-0.01781933,-0.08717029,0.005833216,0.027627178,0.37367934,0.0033172294,-0.005525261
533,0.32028165,0.14310263,-1.0086228,-0.020543613,-0.071118295,-0.43420964,0.020782191,-0.113640726
534,0.11110139,0.06648064,-0.7310154,0.00011398643,0.007988706,0.35003185,0.008718912,-0.031760424
535,0.6779742,0.28452957,-2.025861,-0.033316378,-0.11703618,-0.6363689,0.031301655,-0.16940357
536,-0.06591061,-0.029147252,-0.33949608,0.02263686,0.069845304,0.8080288,-0.0056653693,0.06961182
537,0.25179377,0.11262249,-0.57358676,-0.028586693,-0.10279612,-0.9052031,0.023552746,-0.14272453
538,0.7700627,0.31300685,-2.1307752,-0.04108306,-0.1510422,-0.99612254,0.03567782,-0.19814369
539,-0.20222805,-0.1514816,0.8883157,0.014335766,-0.012029193,-0.6467206,-0.0073796697,0.06661028
540,0.08934182,0.011980832,-0.58715993,0.01591082,0.03031309,0.3866155,-0.0017101094,0.04887694
541,0.00878042,-0.015607521,-0.35888332,0.01705581,0.037625626,0.41506922,-0.003010124,0.052940816
542,0.3031737,0.12467777,-1.1367329,-0.006328188,-0.028593846,0.013190847,0.013143033,-0.052972227
543,0.12638044,0.044267848,-0.34065634,-0.0101762675,-0.050563827,-0.48093417,0.01216162,-0.061044455
544,0.33285895,0.1626469,-1.1341484,-0.022604045,-0.06752648,-0.30983004,0.022760455,-0.12774748
545,0.5813756,0.21583825,-1.1683594,-0.046059024,-0.18621925,-1.7195442,0.03438645,-0.2056261
546,0.031098634,0.017217092,-0.6369983,0.01691448,0.055293545,0.7649424,-0.0012764931,0.042431295
547,-0.329086,-0.18457139,0.9829546,0.02495388,0.039170295,-0.06937344,-0.013014417,0.103428155
548,-0.26261303,-0.14561889,0.4502275,0.0343389,0.082710356,0.58758104,-0.015911099,0.1340974
549,0.09515008,0.006961271,-0.03512758,-0.009420797,-0.06674381,-0.826043,0.0099699125,-0.047602206
550,0.016013026,0.014347553,-0.3559525,0.004368849,0.01229874,0.2396197,0.004673209,-0.007752478
551,-0.015132159,0.010065556,-0.35745353,0.006603904,0.026433155,0.41837177,0.0036886968,-0.0017078221
552,-0.01695937,-0.07165538,1.0061632,-0.026952498,-0.15611014,-2.1887262,0.014916688,-0.100836664
553,0.39153776,0.17360538,-1.4632399,-0.011573706,-0.03690131,0.065540545,0.01754389,-0.08053845
554,0.18150586,0.093881845,-1.2491513,0.013530426,0.056178033,1.0065353,0.0031981952,0.019894123
555,0.13946113,0.06223367,-0.6863969,-0.0006772578,-0.00655248,0.12888683,0.008553259,-0.029129088
556,-0.028024152,-0.0047189593,-0.56703275,0.023290344,0.07938166,1.0063989,-0.004957374,0.06779191
557,0.07129276,0.009866193,-0.25286496,0.0004496202,-0.021759529,-0.24346338,0.005698897,-0.013460964
558,0.45280775,0.19818714,-1.4397559,-0.023705173,-0.08042331,-0.40253183,0.024089025,-0.12921688
559,0.418044,0.18515036,-1.6537436,-0.0072597116,-0.020491876,0.29728666,0.015886597,-0.064472616
560,0.3205404,0.11794531,-0.9182743,-0.014563799,-0.068630256,-0.5213927,0.016483832,-0.08009642
561,-0.53005916,-0.25550494,1.6819927,0.022268794,0.035794318,-0.27203214,-0.013747741,0.092684776
562,-0.1572978,-0.080421984,-0.020745575,0.029279351,0.08232637,0.79820937,-0.010833986,0.10316375
563,0.27546522,0.11541127,-1.2924516,0.0055770054,0.015680328,0.53358674,0.0072415397,-0.006532669
564,-0.39565057,-0.22587761,1.170557,0.03364587,0.059188724,0.03835634,-0.018838476,0.14455897
565,-0.04168026,-0.054861084,0.6690038,-0.01692972,-0.09980561,-1.4025059,0.011385951,-0.071777016
566,-0.010774881,-0.006553918,-0.4500296,0.01804617,0.05389504,0.672301,-0.0027527362,0.050419927
567,-0.05053869,-0.02522251,-0.2254969,0.015169926,0.04124748,0.46440932,-0.0020522214,0.04095435
568,0.00283736,-0.019658208,-0.21957676,0.011911236,0.017747082,0.1586146,-0.0007391609,0.03354627
569,-0.15973558,-0.041318074,-0.35434878,0.029578805,0.113731295,1.3658557,-0.008688241,0.0883486
570,-0.07582767,-0.057199985,0.35538697,-3.695488e-06,-0.030225404,-0.53557456,0.0035678335,-0.009340346
571,0.24632075,0.10779653,-0.49559593,-0.030377138,-0.11128327,-1.026664,0.024180941,-0.14859214
572,0.56147206,0.23923187,-1.831181,-0.022705503,-0.07819435,-0.27547842,0.024856007,-0.12625736
573,-0.042336315,-0.091896325,1.0945818,-0.022607796,-0.14815417,-2.1646554,0.011946686,-0.07931656
574,0.14915413,0.0845021,-1.3782941,0.02422285,0.09737122,1.4927199,-0.0020854399,0.06096369
575,0.1484263,0.06713223,-1.0398121,0.014684752,0.049981162,0.8340398,0.0014471598,0.030414045
576,-0.36612266,-0.19522524,0.9075391,0.03357163,0.07330224,0.32865018,-0.017337572,0.1362071
577,0.054367512,-0.016563982,-0.04714261,0.0014529675,-0.0330838,-0.49064955,0.003869608,-0.001362592
578,0.032826513,-0.01472728,-0.21016206,0.009028479,0.0021088347,-0.03448786,0.00060257316,0.024538219
579,0.121121615,0.032257736,0.04732179,-0.024339274,-0.109254375,-1.2486961,0.018248145,-0.11251482
580,0.44116965,0.17781915,-1.4161391,-0.016265258,-0.06548281,-0.3054009,0.019498376,-0.09355658
581,0.28929916,0.1355119,-1.0901601,-0.012970019,-0.04024838,-0.06680748,0.017069045,-0.08531943
582,0.27186158,0.09199023,-0.37339133,-0.030171912,-0.1301309,-1.3518927,0.022902597,-0.13783118
583,0.24446341,0.11628309,-1.1656345,-0.00068915635,0.0029574633,0.40852317,0.010591306,-0.03585854
584,-0.15978393,-0.09804103,0.50060004,0.0108073205,0.0029943064,-0.2499293,-0.0030543767,0.037437856
585,0.03422311,0.018608227,-0.84545887,0.026625022,0.09049782,1.1983838,-0.005840514,0.0803898
586,0.10791102,0.02380959,-0.21417893,-0.007711027,-0.0516254,-0.5737357,0.009999651,-0.045823246
587,0.39078727,0.1956746,-1.9134336,0.0015629232,0.027488396,0.95482373,0.012589518,-0.03797078
588,0.07761344,0.024074398,-0.7250946,0.017859615,0.050008982,0.6932414,-0.0018136427,0.05001107
589,0.21013814,0.037670232,0.13360474,-0.031951424,-0.15924093,-1.9084337,0.02124842,-0.13185972
590,0.05360812,0.0337098,0.11201832,-0.027323145,-0.09877685,-1.0571806,0.02045331,-0.13439876
591,-0.10537176,-0.068208426,0.8867957,-0.021391928,-0.10701125,-1.4990127,0.013397094,-0.09299302
592,-0.08455376,-0.04489763,-0.24238579,0.024601825,0.07059118,0.7593854,-0.0073155314,0.08096376
593,0.3622875,0.13512741,-0.97603536,-0.019355603,-0.085404746,-0.6811327,0.019318497,-0.09981689
594,0.25835386,0.11774357,-1.2357401,0.0020069778,0.00965631,0.48537374,0.0092504695,-0.023896396
595,-0.102261305,-0.0820238,0.8149681,-0.012128063,-0.08492542,-1.2965577,0.008165516,-0.050704807
596,0.18167931,0.06622564,-0.8396263,0.004738264,0.0034289286,0.2337291,0.0057719536,-0.0034880936
597,0.10397667,0.02774392,-0.68628097,0.01408916,0.03129147,0.45973617,-8.548051e-05,0.037511528
598,-0.3532002,-0.1862303,0.7579546,0.03708458,0.088943645,0.5505777,-0.018620316,0.14821994
599,-0.5688671,-0.24420857,1.2416227,0.039862394,0.11949769,0.83475745,-0.021045398,0.15162134
600,-0.7989701,-0.383582,2.340463,0.046180084,0.105549514,0.20845476,-0.029710684,0.1994068
601,0.049572766,-0.015795529,0.07092279,-0.0046568513,-0.053145364,-0.7278304,0.0068658665,-0.026305825
602,-0.11669427,-0.06930953,0.018713161,0.022208653,0.05306597,0.45876455,-0.0072562434,0.07677406
603,0.20213017,0.07780253,-0.8607999,0.0007244125,-0.008418001,0.12592293,0.00813489,-0.020946115
604,-0.6718668,-0.31995142,1.7469819,0.047574513,0.12079254,0.5841099,-0.028016653,0.19750243
605,-0.007837802,-0.02861622,-0.3676561,0.02310162,0.054586023,0.5753667,-0.0064609274,0.07948318
606,0.066750646,0.019565739,-0.71882105,0.019555956,0.055969194,0.75409853,-0.0027669035,0.056919813
607,-0.12065826,-0.008667022,-0.9405229,0.044566005,0.18092331,2.3051245,-0.014324557,0.13960457
608,-0.38521916,-0.1810633,0.9053967,0.028023437,0.06967689,0.36654967,-0.0136839785,0.10607344
609,-0.15414342,-0.088653475,0.27867597,0.017829709,0.03378685,0.16485003,-0.0059052445,0.062016577
610,0.13169912,0.053753078,-0.39049727,-0.011715494,-0.0505345,-0.440822,0.013386019,-0.07011667
611,0.42276564,0.18495087,-1.5112422,-0.01429395,-0.04746753,-0.03679786,0.019166665,-0.09129906
612,-0.31707975,-0.16129422,0.6482804,0.031709686,0.077610984,0.49814606,-0.015001405,0.122311234
613,0.012189627,0.039476134,-0.9727833,0.024526276,0.105287656,1.4947469,-0.0034065656,0.060679466
614,0.5578867,0.22989342,-1.4976084,-0.03530442,-0.1297116,-0.9446579,0.030336807,-0.17242628
615,0.23924878,0.09225571,-1.1419013,0.00818786,0.018402666,0.4893344,0.005039405,0.0078136325
616,-0.002202779,-0.031192273,0.021695465,0.0048154145,-0.015114628,-0.29193062,0.002016127,0.009623706
617,0.37098542,0.13487008,-0.9736918,-0.019470975,-0.08861353,-0.7288182,0.019267706,-0.09892887
618,0.29453203,0.106665194,-0.6714802,-0.021782588,-0.09548296,-0.87975895,0.01953086,-0.10758567
619,-0.21082614,-0.0966233,0.5395231,0.008913286,0.012465179,-0.08473702,-0.0015405566,0.022183657
620,0.22235003,0.05931756,-0.28635186,-0.020295702,-0.10439168,-1.1484594,0.016837817,-0.09308517
621,-0.043215975,-0.044142857,0.04633387,0.009479925,0.0041833594,-0.08228129,-0.0005208999,0.027256846
622,-0.66491604,-0.3190269,2.415292,0.013997406,-0.0018979087,-0.91458833,-0.012088504,0.06648138
623,0.6421912,0.25095284,-1.4206425,-0.048902422,-0.18807605,-1.6296847,0.037134476,-0.22216837
624,-0.18322757,-0.108495876,0.44705117,0.018092997,0.028405212,0.031148538,-0.0068750978,0.06684852
625,0.19050106,0.08429651,-0.93301797,0.0017443597,0.0036543459,0.31332293,0.008147478,-0.021199495
626,0.320475,0.12299317,-1.1977221,-0.002817832,-0.022351969,0.06692333,0.011197943,-0.03607452
627,0.36686465,0.17339163,-1.6541464,-0.0017259642,0.0058843195,0.6074339,0.013111699,-0.045354635
628,0.4739758,0.17876048,-1.3308061,-0.02128477,-0.09270181,-0.6607994,0.021594731,-0.10894513
629,0.3065599,0.11471767,-1.0960778,-0.00424283,-0.02960863,-0.048496574,0.011541009,-0.04033053
630,0.26329097,0.07421886,-0.37585396,-0.022556998,-0.113508865,-1.2247171,0.01834708,-0.10208708
631,-0.06442289,-0.017024145,0.30286247,-0.0142435245,-0.054673254,-0.65614706,0.0125365555,-0.079616666
632,0.2138305,0.08754578,-0.97216535,0.0020478442,0.0002438575,0.26720095,0.007948078,-0.0179905
633,-0.1954779,-0.0970566,0.66492635,0.0026934892,-0.014917955,-0.43383867,0.0012283623,0.00015559793
634,-0.60636926,-0.2492224,1.4855287,0.030321985,0.09243147,0.5126951,-0.016413312,0.11088824
635,-0.233649,-0.07795124,0.4914508,0.0038109645,0.014976867,0.052223995,0.0022010878,-0.00853622
636,-0.43098575,-0.2121926,1.3160512,0.02118048,0.035059318,-0.16248962,-0.011757892,0.08518681
637,-0.22759514,-0.13455889,0.3911607,0.032239184,0.073038355,0.49162924,-0.014639068,0.12642294
638,0.4038284,0.1978546,-1.2675855,-0.031497788,-0.094204724,-0.53098065,0.028281545,-0.16660307
639,0.1404331,0.05769507,-0.8730813,0.010446005,0.029910877,0.5518521,0.002997633,0.016433805
640,-0.044401497,0.005947128,-0.021363094,-0.007976115,-0.020621933,-0.15037,0.010680255,-0.06138575
641,0.08103749,-0.004615754,0.015403211,-0.0069386736,-0.062323716,-0.81420565,0.00826836,-0.035247624
642,-0.087048516,-0.026396021,0.031630144,0.0033658668,0.008612804,0.09147052,0.0038668104,-0.010048419
643,0.2528793,0.10006884,-0.8386588,-0.01024938,-0.046368226,-0.2760921,0.014105938,-0.065656394
644,0.28301373,0.11978608,-0.4341575,-0.038853563,-0.14379108,-1.3983502,0.028517842,-0.18140021
645,0.048285276,0.058022097,-1.4921097,0.042102292,0.1720482,2.3654816,-0.011057448,0.12730312
646,-0.42835134,-0.20566615,1.0928569,0.029491983,0.06924172,0.28284466,-0.015355211,0.11553639
647,0.3305739,0.12815994,-0.9695083,-0.01639485,-0.0705111,-0.50516117,0.017839868,-0.08993375
648,-0.06655933,-0.017083526,-0.05623336,0.0035967305,0.010376908,0.13916285,0.0040823333,-0.009953588
649,-0.39642057,-0.20828757,0.9540388,0.037068687,0.08509806,0.43720284,-0.019438323,0.1508323
650,0.24911067,0.10528599,-0.6279806,-0.022809219,-0.08667333,-0.740416,0.020412276,-0.11752072
651,-0.31525338,-0.14143354,0.92730325,0.009607874,0.0122426,-0.20843866,-0.00337426,0.02797556
652,-0.4145126,-0.21384731,1.4870647,0.013195202,3.7185848e-05,-0.6114516,-0.008232869,0.05688572
653,0.28131518,0.11254047,-1.0950247,-0.0030814335,-0.019522246,0.08570308,0.011126682,-0.038497716
654,0.14068526,0.043799132,-0.12024979,-0.021075025,-0.09456735,-1.032135,0.017161608,-0.10155085
655,0.29173598,0.11294065,-0.7548555,-0.020226967,-0.08427814,-0.7114072,0.019184288,-0.10439488
656,-0.47367036,-0.15519145,0.76031506,0.025535516,0.10667992,1.0132766,-0.010083102,0.07338676
657,0.36854908,0.16878578,-1.3582859,-0.014488552,-0.04421596,-0.02682354,0.018889114,-0.09330869
658,0.04278323,0.04992432,-1.2119073,0.031654924,0.12981592,1.8170054,-0.00650673,0.08880043
659,0.033534586,-0.010149077,-0.46211654,0.019598246,0.043551072,0.49197316,-0.0041599274,0.064246655
660,0.23609927,0.087448,-0.26203573,-0.033363122,-0.13441998,-1.3952799,0.024528326,-0.15361314
661,-0.2836258,-0.14521581,0.20798305,0.04642874,0.13297062,1.2204773,-0.021410625,0.17834532
662,0.37373015,0.1630094,-1.2990059,-0.015087113,-0.05229736,-0.15674324,0.018785153,-0.09260762
663,0.2846571,0.09947607,-0.83805335,-0.010421183,-0.056926355,-0.43447152,0.013821874,-0.061571985
664,0.2932205,0.08326245,-0.19522573,-0.03563066,-0.16283666,-1.8096921,0.024767471,-0.15270248
665,0.20784977,0.07579392,0.07729027,-0.044983044,-0.17678793,-1.9428291,0.029667364,-0.19852641
666,-0.3462739,-0.114079565,-0.015561163,0.045323975,0.17125055,1.8855941,-0.01843113,0.15264636
667,0.2278843,0.08868304,-0.8964201,-0.0023490563,-0.018977903,0.026105553,0.009955604,-0.033684254
668,0.1872254,0.041485906,-0.18301375,-0.017572634,-0.09756064,-1.1186662,0.01487904,-0.08027327
669,0.25013855,0.082311116,-0.27310848,-0.030850526,-0.1334218,-1.418886,0.022891378,-0.13971028
670,0.2296991,0.11658076,-1.0852747,-0.0046135187,-0.006587483,0.30587873,0.012626324,-0.053463638
671,-0.26715758,-0.12458289,0.5040025,0.022985004,0.05896625,0.3997735,-0.009254139,0.080522716
672,0.042055905,-0.026380882,0.3632331,-0.01464523,-0.09500039,-1.2816069,0.011075668,-0.062300593
673,0.10176447,0.021555759,-0.12959899,-0.010888986,-0.062977865,-0.7175982,0.01144268,-0.058255345
674,-0.80656266,-0.3473134,1.7554338,0.060176805,0.18583626,1.3637111,-0.034180637,0.23869312
675,0.030812353,-0.001130715,-0.23527046,0.0046443716,-0.0028392747,-0.029761046,0.0034924597,0.001624763
676,0.08821067,0.06945133,-1.4782054,0.03617414,0.14735809,2.0838556,-0.00799695,0.105169654
677,0.20999509,0.068291485,-0.6698125,-0.0048790425,-0.03821012,-0.2886047,0.010163877,-0.037991107
678,-0.27282047,-0.072937205,-0.79040354,0.06570761,0.2541018,3.0265818,-0.026497584,0.22655308
679,0.09429827,0.015113644,0.17579646,-0.023248728,-0.110280044,-1.3185639,0.017017942,-0.10519734
680,0.0653162,0.023265108,-0.3861755,0.0015563816,-0.005835466,0.018377189,0.0060108304,-0.015331984
681,0.49475244,0.21208477,-1.6779782,-0.018193945,-0.06251751,-0.15456347,0.021838265,-0.10720208
682,0.17181611,0.027153619,0.109616086,-0.025922686,-0.1339755,-1.6168816,0.018176235,-0.10946888
683,0.26019093,0.103628255,-0.9901178,-0.0043152645,-0.02441753,0.0022039264,0.011417288,-0.042775154
684,0.36091116,0.14486581,-1.3725615,-0.0037436262,-0.021217078,0.1487056,0.012481548,-0.042701006
685,0.2727817,0.1278025,-1.1268299,-0.0077465363,-0.022278469,0.13043772,0.014314368,-0.064106524
686,0.109731555,0.037648432,-0.14615946,-0.016856227,-0.07473711,-0.7927549,0.015124813,-0.08695409
687,-0.22571316,-0.12449816,0.46320528,0.024464518,0.052000687,0.2802474,-0.010384075,0.09218535
688,-0.09874791,-0.040470004,-0.08911665,0.015341617,0.044723183,0.47633594,-0.0025132857,0.040868342
689,-0.21792725,-0.076978505,0.5930652,-0.0018194467,-0.009324208,-0.25302553,0.0047675483,-0.028762907
690,-0.29590943,-0.12680125,0.67883235,0.01559753,0.03918147,0.17222807,-0.0055740736,0.04835692
691,-0.30745858,-0.16489497,0.25023302,0.05280821,0.14824231,1.3351381,-0.025330614,0.20783776
692,0.41025493,0.18158008,-1.4698836,-0.014788635,-0.04807029,-0.04933133,0.019337034,-0.09366995
693,-0.23205075,-0.12688461,0.5903178,0.019236974,0.03319972,0.0450356,-0.007973298,0.07174364
694,0.06346446,0.008997515,0.18629201,-0.020849261,-0.09703271,-1.1594529,0.015845973,-0.09773013
695,0.014378905,0.005032584,-0.32303715,0.0066307634,0.013909161,0.21720602,0.0030770116,0.004609108
696,0.26934913,0.0753135,-0.55172426,-0.014373545,-0.08492241,-0.8758857,0.01446059,-0.0695796
697,0.096705824,0.02060055,-0.7081843,0.018232822,0.04302734,0.5757578,-0.0023909733,0.05558002
698,0.059427112,0.055071004,-0.68655235,0.003286019,0.026243947,0.5631269,0.007091049,-0.022111684
699,0.38427493,0.13812567,-1.0184708,-0.018768474,-0.08757966,-0.71221715,0.018983854,-0.09558639
700,0.082674235,0.023538493,-0.37200934,0.000528872,-0.014524043,-0.100998215,0.0063336603,-0.017000318
701,0.24817654,0.102074,-1.1115217,0.0024919808,0.0025883242,0.33462337,0.0082196,-0.017174631
702,-0.07874638,-0.044794455,0.2670001,-0.0007468164,-0.022649888,-0.38281807,0.0046689883,-0.017631471
703,-0.056863755,-0.034310564,-0.24512945,0.019998014,0.053701982,0.5793337,-0.004805159,0.06261861
704,-0.06453656,-0.054556802,-0.07905604,0.020281628,0.041694775,0.3448572,-0.006031297,0.07073787
705,0.23329106,0.09827847,-1.147713,0.006044686,0.016996503,0.5052839,0.0064678863,-0.0038455427
706,-0.26625037,-0.09930734,0.16787495,0.029117607,0.09998189,1.0173872,-0.010713778,0.09458408
707,-0.57644224,-0.2431331,1.2311778,0.04002527,0.123162016,0.8908709,-0.020981532,0.15075201
708,-0.35517007,-0.1283395,0.022210956,0.04948981,0.1781658,1.9109712,-0.021141972,0.17341733
709,0.10276699,0.02431406,-0.56909066,0.009724282,0.013286486,0.22505084,0.0018017404,0.021598846
710,-0.62219846,-0.20866928,0.90580815,0.042375125,0.17139812,1.678765,-0.019626383,0.139669
711,0.11733949,0.0033329427,0.039123565,-0.011861842,-0.08493508,-1.0836446,0.010687951,-0.052564234
712,0.1659874,0.081514925,-0.9242896,0.002767861,0.0125667825,0.42976236,0.007756043,-0.019561559
713,-0.3828104,-0.21934652,1.0443317,0.03702694,0.07251349,0.22059362,-0.020200286,0.15702868
714,-0.3524253,-0.15368962,1.149709,0.0041394234,-0.0056913495,-0.45311683,-0.001098603,0.006150812
715,0.16084921,0.046568356,-0.29728448,-0.013702415,-0.07185505,-0.7590603,0.013610024,-0.07088542
716,-0.19658649,-0.09593175,0.27036256,0.021785937,0.055245742,0.42852676,-0.007762771,0.074400425
717,0.42768165,0.17817092,-1.3574648,-0.019153409,-0.07162402,-0.3673338,0.02103107,-0.10693923
718,-0.007693559,-0.025021166,0.16387087,-0.00472638,-0.043279283,-0.60220814,0.0069622323,-0.031034917
719,-0.073171586,-0.07969336,0.6037936,-0.002990812,-0.05883474,-0.9918252,0.0036573745,-0.011675745
720,-0.33030072,-0.12529138,-0.14177956,0.05604279,0.1967228,2.1306763,-0.024337206,0.20142722
721,-0.44458464,-0.20866644,1.1820852,0.02651731,0.06107068,0.18282254,-0.013946746,0.102764845
722,0.53939223,0.19417554,-0.9333652,-0.048181657,-0.19774729,-1.925868,0.03457895,-0.21125513
723,0.0029801428,0.00023420155,-0.59660286,0.022317238,0.07035674,0.8932449,-0.0045319125,0.06640625
724,0.45079866,0.21906614,-1.7661113,-0.016193267,-0.03688083,0.2278691,0.021750327,-0.1084041
725,0.30609635,0.12642142,-0.8969604,-0.018967032,-0.07381127,-0.5329138,0.019216144,-0.10280487
726,0.39639923,0.20817173,-1.7414188,-0.012222689,-0.014536787,0.4955573,0.019801429,-0.09621841
727,-0.2189306,-0.15656346,0.6496639,0.028475262,0.040198274,-0.01903136,-0.014214959,0.12170124
728,0.26823774,0.11264848,-0.46771312,-0.03404334,-0.12740156,-1.2191906,0.025974363,-0.16178848
729,-0.15196323,-0.08201611,0.20677398,0.018605672,0.04096283,0.28153354,-0.005912479,0.06271383
730,-0.19990933,-0.064907864,-0.6709578,0.05556144,0.20174932,2.363749,-0.021974448,0.19393545
731,0.049311846,0.001949653,-0.20984147,0.0018779933,-0.016026825,-0.19190729,0.0047916584,-0.0078213215
732,-0.31384298,-0.17463824,0.83474445,0.02798035,0.053071186,0.13373539,-0.014036026,0.113488615
733,-0.048364416,-0.034835503,-0.5547732,0.035452046,0.10660249,1.2152519,-0.012263905,0.12462574
734,0.27455118,0.08105952,-0.5523461,-0.016795125,-0.09087615,-0.9261232,0.015888918,-0.08063194
735,-0.3190706,-0.15260687,0.2736772,0.046680063,0.13886856,1.2878454,-0.021588039,0.17724472
736,-0.3178128,-0.18172279,1.0959997,0.018031672,0.012950003,-0.385546,-0.009679507,0.076753706
737,-0.12538739,-0.072840154,-0.16253759,0.032761768,0.09111822,0.9139635,-0.012381982,0.118323505
738,-0.23551616,-0.08077957,0.14271069,0.022286072,0.08014469,0.83582944,-0.006717667,0.06476176
739,-0.21876085,-0.07377809,-0.49414217,0.05072005,0.183173,2.1115856,-0.01999173,0.175821
740,-0.2408769,-0.14103642,0.66633964,0.021462128,0.03316416,-0.013960324,-0.0097569,0.08487275
741,0.098813325,-0.008488491,-0.043705627,-0.0026175752,-0.05495037,-0.75727075,0.005806666,-0.014228612
742,0.023296475,-0.03345704,0.29857767,-0.008271225,-0.071724914,-1.014777,0.007834576,-0.03714931
743,-0.19619268,-0.13906324,1.1000181,-0.0013883933,-0.061244383,-1.1944487,0.000743974,0.00085422397
744,-0.39635244,-0.16473642,0.4228623,0.04527636,0.14769308,1.4040811,-0.020817328,0.16559911
745,0.22026306,0.15755442,-1.9946406,0.023517177,0.128877,2.157948,0.0017350353,0.03909093
746,0.27811936,0.12210326,-1.6084614,0.018417485,0.06634539,1.1808095,0.0015025958,0.04150948
747,-0.23563649,-0.12464109,0.554429,0.020125978,0.03918037,0.13150047,-0.008228321,0.073821396
748,-0.13319877,-0.024292111,-0.006713912,0.0049545914,0.029725559,0.39780286,0.003715217,-0.0112268925
749,0.3031262,0.12680307,-1.1773674,-0.005198151,-0.0228883,0.09276537,0.0127297975,-0.04939878
750,0.6582582,0.25191054,-1.735198,-0.033913914,-0.13799506,-1.0276346,0.029903699,-0.16150284
751,0.4438745,0.19527893,-1.5996302,-0.0144668855,-0.0465788,0.0044267364,0.019626271,-0.093105465
752,-0.2917753,-0.14029947,0.9656563,0.006949559,-0.003514126,-0.41520756,-0.0022909157,0.020439982
753,-0.38606432,-0.10708858,0.82758266,0.0011346787,0.028766148,0.21303494,0.003375575,-0.02905637
754,-0.13023531,-0.060477957,0.5003989,-0.005160041,-0.035090275,-0.5643804,0.0063944533,-0.035984933
755,0.019237429,0.018955164,-0.7425875,0.021567665,0.07696274,1.0474651,-0.0032622367,0.058291584
756,-0.061464697,-0.048683003,-0.0076776,0.014266096,0.023488767,0.14749974,-0.002866447,0.045241177
757,0.23339489,0.06704361,-0.53050333,-0.011547461,-0.07023476,-0.7049284,0.013014782,-0.060306758
758,-0.4008774,-0.17929354,1.1829938,0.013726935,0.024038292,-0.1689159,-0.006628312,0.047087997
759,-0.04285288,-0.035206825,-0.08837871,0.01243408,0.021511436,0.1705366,-0.0014106929,0.035315752
760,-0.45429206,-0.15736482,0.4655584,0.04080444,0.15441565,1.5693157,-0.017662752,0.13687527
761,-0.7051195,-0.34070593,2.6532338,0.011713803,-0.014551371,-1.1362212,-0.0118390545,0.060480952
762,0.3658661,0.13442327,-0.6732245,-0.034107715,-0.14030585,-1.357373,0.026246822,-0.15686223
763,-0.31951118,-0.12525433,0.8619929,0.006169066,0.013334438,-0.11607296,-0.0007605031,0.007415861
764,0.25151804,0.0989324,-0.67486334,-0.017874666,-0.07437215,-0.6219682,0.017675932,-0.0952906
765,-0.099098966,-0.042990357,-0.48798496,0.036153495,0.1181142,1.3604453,-0.012539867,0.12342024
766,0.13299999,0.021497816,-0.053396508,-0.015021566,-0.08727963,-1.0407355,0.013076354,-0.0699904
767,0.047135025,-0.032954335,0.32542235,-0.010101333,-0.08507481,-1.1954246,0.008484285,-0.04113403
768,0.27743915,0.10487276,-1.1458751,0.0026727766,-0.003377989,0.25021267,0.007990539,-0.0134224
769,0.26337472,0.08831706,-0.528381,-0.020863019,-0.09674354,-0.9544567,0.018357389,-0.101073414
770,-0.5195724,-0.24580076,0.6008731,0.07166457,0.21847522,1.9935858,-0.036755685,0.28395247
771,-0.058609784,-0.065812126,0.29316944,0.0064485595,-0.018572472,-0.44805035,-0.00017444044,0.021850407
772,-0.013718724,0.0005386323,-0.7247081,0.028740965,0.09878242,1.2556055,-0.0073910616,0.08909324
773,-0.23415543,-0.13803509,0.43979472,0.03135521,0.06917252,0.43377167,-0.01435196,0.12341452
774,-0.06856674,-0.06786589,-0.052654877,0.02455604,0.04826896,0.36640632,-0.008789431,0.09224641
775,0.059384912,0.027827933,-0.27627534,-0.0057125017,-0.026873708,-0.21206842,0.009788975,-0.046498895
776,0.45038357,0.18920614,-1.6026953,-0.011869881,-0.043735467,0.005316414,0.017973602,-0.079568565
777,-0.46681446,-0.21684775,1.481101,0.01537703,0.021266527,-0.32231832,-0.008897342,0.059199214
778,0.21664965,0.07864655,-0.9936143,0.0067757145,0.009748727,0.33930746,0.0051583126,0.0045062006
779,0.2627268,0.10219394,-0.5244909,-0.02681693,-0.1075592,-1.0211735,0.021994816,-0.13005912
780,0.32741526,0.10796176,-0.6055637,-0.025988828,-0.1195178,-1.1947105,0.02126071,-0.119916916
781,0.5623493,0.22446275,-1.1669571,-0.049481556,-0.18637642,-1.6652076,0.036709353,-0.22520095
782,0.24981311,0.082473494,-1.0791365,0.009016275,0.010837756,0.3424991,0.0039697997,0.016477466
783,0.111423254,0.04051158,-0.9289988,0.02071435,0.06266783,0.8958815,-0.0025709607,0.05943784
784,-0.3420843,-0.113585055,0.13491763,0.03761255,0.14251226,1.5336862,-0.014783736,0.122811735
785,-0.51799786,-0.25450158,1.0540141,0.05281415,0.14331311,1.0345018,-0.028322693,0.21375334
786,0.14748031,0.019904919,0.2717253,-0.030642655,-0.14924826,-1.8165495,0.02025229,-0.12853613
787,-0.6653819,-0.29008716,1.5573047,0.044476166,0.13026406,0.8335008,-0.024884794,0.17433149
788,0.3576301,0.15438971,-1.4661555,-0.0030263513,-0.010437861,0.32742214,0.012726154,-0.044165462
789,-0.37863627,-0.10039525,-0.23493363,0.050897934,0.21140939,2.466729,-0.019949201,0.16442126
790,0.06292677,0.034824394,0.2775753,-0.036102004,-0.13243397,-1.470542,0.02459007,-0.1679367
791,0.07624778,-0.020884901,0.41659254,-0.019991253,-0.120365724,-1.594312,0.013576176,-0.08059409
792,0.04876131,-0.0069906116,0.17616755,-0.013521232,-0.078266405,-0.99262756,0.011593837,-0.06469649
793,-0.52264154,-0.23677203,0.73336875,0.061384708,0.18908358,1.6796224,-0.031318944,0.23960161
794,-0.16975763,-0.08610371,-0.2720979,0.04424557,0.13581994,1.4349761,-0.018140871,0.16233945
795,0.054502994,0.010767609,-0.5140521,0.013219111,0.030072458,0.4073778,-0.00013862178,0.033852994
796,0.27587268,0.07045956,-0.39694297,-0.020103086,-0.11124487,-1.225225,0.01683291,-0.08917272
797,0.18581647,0.085851416,-0.5894887,-0.015863147,-0.05738627,-0.4203373,0.016648814,-0.0915187
798,0.2515379,0.07468411,-0.41108745,-0.02086138,-0.10352101,-1.0907652,0.017691236,-0.09729749
799,-0.07620858,-0.054622725,0.33072758,0.00015112013,-0.027601782,-0.49121895,0.0036473982,-0.009818554
800,0.13992363,0.06574687,-1.1094658,0.018815205,0.066394925,1.0350356,-0.0005060546,0.04595217
801,-0.08265713,-0.005424246,-0.8681183,0.039166696,0.1525227,1.9416625,-0.011968829,0.12254548
802,-0.29335093,-0.16166711,0.5640663,0.03574673,0.08482933,0.5644954,-0.017187763,0.14166349
803,-0.111742064,-0.023246348,-0.7185464,0.03952159,0.14900129,1.8400838,-0.012865286,0.12692827
804,-0.050752953,0.005622044,-0.65063846,0.023410693,0.09442969,1.2574046,-0.004179202,0.060893625
805,-0.05650595,0.012406871,-0.40064734,0.008275822,0.046599917,0.71024287,0.0034615248,-0.001975596
806,-0.08661376,0.020878382,-0.63453627,0.016708523,0.09246904,1.3348477,0.00026059896,0.023413032
807,-0.026959315,0.017464042,-0.52945226,0.012193337,0.05575885,0.82069427,0.00158545,0.015563607
808,-0.19904213,-0.10395837,0.8911787,-0.005602114,-0.049049325,-0.87951714,0.004806116,-0.030113816
809,0.08735606,0.00024318695,-0.3012823,0.006652564,-0.011427626,-0.17580055,0.0020285808,0.01699248
810,-0.18001908,-0.117287666,0.8697097,0.0007705167,-0.041793175,-0.869166,0.00080990046,0.0029085577
811,0.3191549,0.17414491,-1.9994674,0.015650824,0.08348307,1.5980623,0.0053998306,0.015682876
812,0.07201603,0.0124944,-0.47629005,0.01041653,0.016024232,0.22924745,0.0011097342,0.02466613
813,0.09393877,0.016245537,-0.38436323,0.0040351897,-0.010738738,-0.09831136,0.004128933,0.0012661815
814,0.4219236,0.17639455,-1.030235,-0.034555405,-0.12689678,-1.0452421,0.02830337,-0.1674318
815,-0.02810748,-0.0027710944,-0.71489,0.029806353,0.10442321,1.3211274,-0.007938519,0.09254709
816,-0.38648948,-0.20037872,1.0582609,0.028496236,0.057145923,0.124627575,-0.0150128715,0.11547291
817,-0.042413637,-0.05085534,0.24269396,0.0025331452,-0.026235279,-0.48545128,0.0023816638,0.0028210282
818,-0.25751618,-0.14524484,0.47593176,0.032847747,0.07608399,0.5041711,-0.015234392,0.12882674
819,-0.25648728,-0.15050885,0.65355587,0.026224174,0.04786171,0.13436706,-0.012403887,0.105110854
820,0.13369888,0.019745417,0.13418372,-0.023594216,-0.11978774,-1.4461832,0.017039172,-0.102799326
821,-0.100708514,-0.050209895,-0.43314552,0.03645785,0.114230484,1.28074,-0.013085354,0.12727249
822,0.013545215,-0.0071339905,-0.037194043,-0.0024615154,-0.027900536,-0.34902292,0.0067000426,-0.026289165
823,0.25486776,0.09132689,-1.0738492,0.005011916,0.0015611649,0.26632968,0.0063311793,-0.002044171
824,-0.085267186,-0.074006855,-0.24741517,0.036961444,0.093428925,0.90291244,-0.014862429,0.14096278
825,-0.3308499,-0.19772303,1.3380123,0.012853615,-0.013975069,-0.77773815,-0.008010071,0.06099868
826,0.39444605,0.18405133,-1.2764568,-0.025205154,-0.079114534,-0.40330818,0.024592092,-0.1377458
827,0.3767344,0.18024544,-1.3289555,-0.020805761,-0.060811203,-0.18278323,0.022467121,-0.12149513
828,-0.022152454,-0.016810924,-0.30298805,0.015165001,0.039119795,0.45375526,-0.0018591806,0.0416086
829,-0.10618526,-0.03535664,-0.59024686,0.038132474,0.13315769,1.5855885,-0.012964185,0.1271171
830,-0.25360748,-0.09053175,-0.56822604,0.061780974,0.22086173,2.5227187,-0.025851015,0.22092998
831,0.19313124,0.056628995,-0.46613747,-0.009914469,-0.060194228,-0.5970498,0.0120564625,-0.055466533
832,-0.21873045,-0.13590333,0.47522348,0.028525367,0.055955797,0.26943636,-0.013045449,0.11366171
833,0.26520744,0.13292624,-0.8380239,-0.02409146,-0.07519351,-0.48499003,0.02245268,-0.13131446
834,-0.36488336,-0.17227238,1.233453,0.007868499,-0.0025622249,-0.4910993,-0.0038149804,0.026431888
835,0.0027764738,0.006389931,-0.45081097,0.01253809,0.03974417,0.5485695,0.00047089905,0.02557543
836,0.35230228,0.11990023,-0.76964194,-0.023127764,-0.1075765,-1.0142882,0.020333126,-0.109935135
837,-0.011072785,-0.0013410598,0.20928045,-0.016779333,-0.067895904,-0.7893134,0.014092036,-0.08824214
838,0.023414701,-0.00987491,0.17078903,-0.011745997,-0.06646695,-0.84073585,0.010848116,-0.06018877
839,0.40057507,0.16690318,-1.1305778,-0.025377724,-0.0945464,-0.6767564,0.023617953,-0.13069081
840,0.31636962,0.11036882,-0.8550234,-0.014496449,-0.07287566,-0.60501796,0.016056959,-0.07739496
841,-0.23358493,-0.13166746,0.7209835,0.014770985,0.013902321,-0.21145725,-0.0061129555,0.05592957
842,-0.48426157,-0.20578495,0.6992098,0.049725585,0.15895079,1.4240944,-0.024388846,0.18695635
843,-0.16706061,-0.08537117,-0.039696053,0.032394975,0.092752635,0.910583,-0.012498278,0.11596954
844,0.013031453,-0.0070604235,-0.22273217,0.006705664,0.0054297373,0.058471963,0.002355788,0.009548515
845,-0.07196398,-0.035032406,-0.2791881,0.022169858,0.06551145,0.73279864,-0.0057209656,0.06927392
846,0.38519803,0.17354554,-1.8234705,0.006374322,0.029792972,0.8844528,0.00908228,-0.011050612
847,0.14210626,0.038411096,-0.34332836,-0.007801164,-0.051110804,-0.5281739,0.01053074,-0.047152758
848,-0.11862907,-0.019202024,-0.9833207,0.05104118,0.19573909,2.435075,-0.018030595,0.16949362
849,-0.009321064,-0.036478594,0.13918474,0.0012797192,-0.029764507,-0.48935413,0.003463734,-0.0031361878
850,-0.14912099,-0.05946353,-0.27183926,0.03290534,0.1088476,1.212693,-0.011428721,0.11015901
851,-0.106732234,-0.06989908,0.1977422,0.013463013,0.018046997,0.020295084,-0.0032405742,0.044139594
852,0.056567937,0.013671368,-0.58059347,0.015283123,0.03911084,0.5294724,-0.0009724274,0.041077256
853,-0.06711511,0.023832597,-1.1797543,0.04225201,0.18117172,2.4146059,-0.011903431,0.12514925
854,-0.39442545,-0.20154977,1.2645762,0.01885926,0.02381073,-0.28092527,-0.010420881,0.07703027
855,0.2413539,0.07983534,-0.5485214,-0.016070083,-0.07927045,-0.762238,0.015819896,-0.08202246
856,-0.21828227,-0.06325404,0.037972122,0.019978233,0.079924345,0.90035194,-0.004787259,0.051155
857,0.28366902,0.12285806,-1.2575749,0.0006530881,0.0010764673,0.38319707,0.009925436,-0.027648777
858,0.2784687,0.12212713,-1.0609035,-0.008722533,-0.031798195,-0.016988836,0.014390234,-0.06485364
859,-0.33051437,-0.18857682,1.6183366,-0.0048400536,-0.071080655,-1.4322076,0.0009190738,-0.011980802
860,-0.5448272,-0.28086516,0.9905843,0.0672445,0.18350863,1.4246516,-0.03642189,0.2770571
861,0.09319034,0.04107239,-0.767722,0.012714371,0.03963252,0.63276803,0.0014511198,0.025255471
862,-0.18277463,-0.032870427,-0.24397074,0.020880207,0.09557599,1.2031231,-0.0038279034,0.047588617
863,0.0005722344,-0.017299756,0.109274246,-0.005332738,-0.04209438,-0.5587041,0.0076107867,-0.03532496
864,0.046204835,0.022479303,-1.0593848,0.035467096,0.12179643,1.588268,-0.009940933,0.11521149
865,0.25941452,0.12145576,-1.5733147,0.017174035,0.06694798,1.2009046,0.0022507384,0.034232467
866,0.1305637,0.08873113,-0.96107686,0.0020230338,0.025914595,0.65614516,0.008896701,-0.030407816
867,0.044136167,0.0012314618,-0.5293596,0.01806862,0.04347206,0.5351508,-0.0028855167,0.055205494
868,0.22772387,0.061327994,-0.575091,-0.006893128,-0.056051016,-0.553726,0.010532677,-0.040579706
869,-0.33890262,-0.08730745,-0.5434948,0.06025742,0.24326631,2.883025,-0.024051461,0.20153272
870,0.16140774,0.0657667,-0.8670596,0.006535761,0.015628994,0.39754394,0.0051030777,0.0008587241
871,-0.31703797,-0.16674161,0.55922955,0.03838539,0.097595215,0.7165674,-0.018487591,0.15066856
872,0.097697586,0.032544494,-0.6663653,0.011183485,0.026301354,0.42652303,0.0016377792,0.023306131
873,-0.7442343,-0.36802357,2.2216907,0.044927076,0.09645353,0.12389594,-0.028786127,0.19605756
874,0.009164721,-0.011505544,-0.25982028,0.010438226,0.01670593,0.17859939,0.00036616623,0.025410205
875,-0.37009704,-0.17088097,0.442483,0.046538092,0.13976157,1.2565153,-0.022045877,0.17673892
876,-0.18945873,-0.080479756,0.41574997,0.008072458,0.015264936,0.006710686,-0.00042995438,0.015469223
877,-0.023709744,-0.04130301,-0.23754688,0.022124335,0.046192624,0.4271517,-0.0065653287,0.07846868
878,-0.64605033,-0.32253867,1.4622166,0.06244187,0.16484177,1.0878086,-0.035496663,0.26049805
879,-0.27184325,-0.14482093,1.0291145,0.005442083,-0.018334288,-0.6339357,-0.002044402,0.019174159
880,0.4280456,0.20377034,-2.0552742,0.004768759,0.034072958,1.0415337,0.011146847,-0.023340136
881,0.15142348,0.056894206,-0.8145838,0.0077467337,0.016270526,0.37240723,0.0041186847,0.007735133
882,-0.08529429,-0.11287966,0.997094,-0.008529909,-0.10034427,-1.6429081,0.004494369,-0.021841407
883,-0.086490184,-0.053883374,0.7900477,-0.022785183,-0.10684143,-1.4460437,0.014690772,-0.10149947
884,-0.03886436,-0.043250754,0.23684233,-0.0003818348,-0.03207158,-0.5241951,0.004169099,-0.01114428
885,0.36485347,0.15875626,-1.2342958,-0.01641618,-0.057667695,-0.23463123,0.019262854,-0.097379774
886,-0.1606999,-0.107572556,0.27479655,0.025967337,0.050827444,0.29008317,-0.010796428,0.10055566
887,0.3980247,0.14810483,-1.0025431,-0.023874208,-0.102579854,-0.8603065,0.021842794,-0.11763933
888,-0.034338757,-0.058441013,0.90104884,-0.02702652,-0.1411871,-1.9303534,0.015897643,-0.10888535
889,0.048188984,0.03764499,-0.8895546,0.020724602,0.07941696,1.1401808,-0.0020823292,0.0516288
890,-0.019778565,-0.049516365,0.5691554,-0.014472835,-0.093423605,-1.3181577,0.010299943,-0.061166883
891,0.06417894,-0.005811706,-0.32579994,0.01066757,0.005416736,0.021037769,1.3034791e-05,0.031858236
892,0.41254005,0.16294302,-0.96339786,-0.032159567,-0.12561923,-1.0844793,0.02648503,-0.1539929
893,-0.12722524,-0.118867874,1.1856498,-0.014869101,-0.11525944,-1.8175075,0.007595863,-0.05026427
894,0.2933279,0.14296891,-1.3836585,-0.0015795827,0.005346194,0.5209509,0.012048718,-0.04307267
895,0.2621828,0.101311326,-1.0181007,-0.0019901022,-0.018364988,0.063577674,0.010158148,-0.032449096
896,-0.33699018,-0.16739377,0.9569107,0.019199312,0.033739634,-0.04887087,-0.009205021,0.07287133
897,-0.45346603,-0.1979362,0.7866389,0.041755132,0.12689814,1.0436203,-0.020470347,0.1569494
898,0.052090198,-0.02054809,0.12552747,-0.0054168776,-0.060239974,-0.83868957,0.0069256015,-0.027026266
899,0.3780575,0.14895888,-0.99479496,-0.024369162,-0.09775959,-0.78067815,0.02233549,-0.122762054
900,-0.2765358,-0.11224729,0.95581216,-0.004411243,-0.027880587,-0.5945593,0.004568983,-0.033153802
901,-0.20606543,-0.06710702,0.072957255,0.019697644,0.07234658,0.7796194,-0.0050043166,0.053334236
902,0.39397827,0.14423396,-1.0282,-0.020944469,-0.09371601,-0.7667867,0.020269565,-0.10518044
903,0.309867,0.1362543,-1.5348809,0.008501358,0.03174842,0.79787743,0.006699901,0.0014888644
904,0.21523434,0.07276279,-0.77347803,-0.001666382,-0.024783086,-0.108320996,0.008842133,-0.02643904
905,0.35934123,0.1545644,-1.6069922,0.003857106,0.014053494,0.62565523,0.00944918,-0.017005086
906,-0.30757093,-0.09616281,-0.11650647,0.04240328,0.16270138,1.8322167,-0.016410884,0.13953471
907,-0.3927472,-0.1582663,0.29925346,0.048665993,0.16376016,1.627279,-0.022090439,0.17681295
908,-0.09180489,-0.0057738125,-0.77275956,0.034699753,0.13885047,1.7809029,-0.009772133,0.10387108
909,0.16614154,0.036783494,-0.10993557,-0.018980347,-0.09991008,-1.1514997,0.01549539,-0.086910665
910,-0.31791046,-0.12220955,0.7878346,0.008557461,0.023790166,0.024366066,-0.0017353706,0.01578939
911,0.4998397,0.23503113,-2.08688,-0.0075388774,-0.008173123,0.61131126,0.018052366,-0.07388383
912,0.016250134,-0.040713668,0.25079677,-0.0028012395,-0.055349812,-0.84286195,0.004890267,-0.013803691
913,0.46524146,0.19240883,-1.5570445,-0.015644409,-0.059385486,-0.18323953,0.019796658,-0.09353414
914,-0.06709419,-0.0568776,0.020518094,0.01634486,0.026478395,0.1505079,-0.004269175,0.05586815
915,0.38465235,0.14729856,-1.1475163,-0.016193721,-0.07144738,-0.47289866,0.018287804,-0.0891076
916,0.12139022,0.035216592,-0.44028097,-0.0014169961,-0.024276625,-0.19816701,0.0075298175,-0.023792744
917,0.26660666,0.114733174,-1.1053163,-0.0033034757,-0.014273085,0.17237721,0.01151238,-0.042337894
918,-0.06618132,-0.09557451,0.9107151,-0.011678617,-0.104330584,-1.6269517,0.0067917965,-0.038389325
919,-0.59600216,-0.28820094,1.4303651,0.049132913,0.12779985,0.7537653,-0.027710784,0.20170414
920,-0.25091696,-0.16850364,1.2598982,0.003599234,-0.04916493,-1.1382339,-0.0027576461,0.024399817
921,-0.27685744,-0.15325388,1.1084766,0.00507766,-0.024536073,-0.7447176,-0.0023069717,0.020405471
922,-0.009004176,-0.005438596,-0.50026155,0.020049326,0.06144786,0.76817507,-0.0036580488,0.058079123
923,-0.30816153,-0.17170244,0.90585446,0.02316767,0.036208294,-0.063133195,-0.011639666,0.094254225
924,0.18531588,0.056051187,-0.5285868,-0.0064850524,-0.04590737,-0.41882077,0.010475755,-0.04290214
925,-0.03362426,-0.069847405,0.22585133,0.011155821,-0.012079671,-0.408694,-0.0029041283,0.04547414
926,-0.09870882,-0.04669918,0.14540617,0.006312661,0.0073753,-0.008492162,0.0014141016,0.007967442
927,0.31210586,0.12796627,-0.8318115,-0.022910155,-0.08868308,-0.7122492,0.02111562,-0.11802706
928,0.23774704,0.11000951,-1.0008612,-0.006161742,-0.019557673,0.11017971,0.012897506,-0.055759907
929,0.55432594,0.2456827,-2.0276594,-0.015566569,-0.045385286,0.16098668,0.021913195,-0.10186607
930,-0.2801102,-0.1279696,1.2109448,-0.010470413,-0.060604334,-1.0641885,0.0065743066,-0.05112821
931,0.39644173,0.18837768,-1.6110889,-0.01045062,-0.023127742,0.29837623,0.017814077,-0.0813469
932,-0.08795048,-0.013442054,0.003853619,-0.00063250214,0.004239939,0.099282995,0.0065247193,-0.03103429
933,-0.16949257,-0.14885426,1.2702575,-0.006077729,-0.09356978,-1.6570656,0.0021262094,-0.009815395
